fold,label_fraction,split,stratum,users,fraction,overall_users,overall_fraction,abs_frac_diff
0,0.01,overall,10-11,21,0.0412573673870334,21,0.0412573673870334,0.0
0,0.01,overall,12-13,37,0.07269155206286837,37,0.07269155206286837,0.0
0,0.01,overall,14-15,57,0.11198428290766209,57,0.11198428290766209,0.0
0,0.01,overall,16-17,37,0.07269155206286837,37,0.07269155206286837,0.0
0,0.01,overall,18-19,20,0.03929273084479371,20,0.03929273084479371,0.0
0,0.01,overall,20-21,24,0.047151277013752456,24,0.047151277013752456,0.0
0,0.01,overall,22-23,22,0.043222003929273084,22,0.043222003929273084,0.0
0,0.01,overall,24-25,15,0.029469548133595286,15,0.029469548133595286,0.0
0,0.01,overall,26-27,17,0.03339882121807466,17,0.03339882121807466,0.0
0,0.01,overall,28-29,21,0.0412573673870334,21,0.0412573673870334,0.0
0,0.01,overall,30-31,11,0.021611001964636542,11,0.021611001964636542,0.0
0,0.01,overall,32-33,18,0.03536345776031434,18,0.03536345776031434,0.0
0,0.01,overall,34-35,22,0.043222003929273084,22,0.043222003929273084,0.0
0,0.01,overall,36-37,20,0.03929273084479371,20,0.03929273084479371,0.0
0,0.01,overall,38-39,13,0.025540275049115914,13,0.025540275049115914,0.0
0,0.01,overall,40-41,14,0.0275049115913556,14,0.0275049115913556,0.0
0,0.01,overall,42-43,23,0.04518664047151277,23,0.04518664047151277,0.0
0,0.01,overall,44-45,12,0.023575638506876228,12,0.023575638506876228,0.0
0,0.01,overall,46-47,17,0.03339882121807466,17,0.03339882121807466,0.0
0,0.01,overall,48-49,14,0.0275049115913556,14,0.0275049115913556,0.0
0,0.01,overall,50,10,0.019646365422396856,10,0.019646365422396856,0.0
0,0.01,overall,51-55,33,0.06483300589390963,33,0.06483300589390963,0.0
0,0.01,overall,56-60,28,0.0550098231827112,28,0.0550098231827112,0.0
0,0.01,overall,61-65,2,0.003929273084479371,2,0.003929273084479371,0.0
0,0.01,overall,66-67,1,0.0019646365422396855,1,0.0019646365422396855,0.0
0,0.01,train_pool,10-11,16,0.03931203931203931,21,0.0412573673870334,0.0019453280749940904
0,0.01,train_pool,12-13,29,0.07125307125307126,37,0.07269155206286837,0.0014384808097971102
0,0.01,train_pool,14-15,45,0.11056511056511056,57,0.11198428290766209,0.0014191723425515251
0,0.01,train_pool,16-17,30,0.07371007371007371,37,0.07269155206286837,0.0010185216472053393
0,0.01,train_pool,18-19,16,0.03931203931203931,20,0.03929273084479371,1.930846724559898e-05
0,0.01,train_pool,20-21,20,0.04914004914004914,24,0.047151277013752456,0.001988772126296681
0,0.01,train_pool,22-23,18,0.044226044226044224,22,0.043222003929273084,0.00100404029677114
0,0.01,train_pool,24-25,12,0.029484029484029485,15,0.029469548133595286,1.4481350434199236e-05
0,0.01,train_pool,26-27,13,0.03194103194103194,17,0.03339882121807466,0.0014577892770427162
0,0.01,train_pool,28-29,16,0.03931203931203931,21,0.0412573673870334,0.0019453280749940904
0,0.01,train_pool,30-31,9,0.022113022113022112,11,0.021611001964636542,0.00050202014838557
0,0.01,train_pool,32-33,15,0.036855036855036855,18,0.03536345776031434,0.0014915790947225144
0,0.01,train_pool,34-35,18,0.044226044226044224,22,0.043222003929273084,0.00100404029677114
0,0.01,train_pool,36-37,16,0.03931203931203931,20,0.03929273084479371,1.930846724559898e-05
0,0.01,train_pool,38-39,11,0.02702702702702703,13,0.025540275049115914,0.0014867519779111146
0,0.01,train_pool,40-41,11,0.02702702702702703,14,0.0275049115913556,0.0004778845643285713
0,0.01,train_pool,42-43,19,0.04668304668304668,23,0.04518664047151277,0.0014964062115339072
0,0.01,train_pool,44-45,9,0.022113022113022112,12,0.023575638506876228,0.001462616393854116
0,0.01,train_pool,46-47,13,0.03194103194103194,17,0.03339882121807466,0.0014577892770427162
0,0.01,train_pool,48-49,11,0.02702702702702703,14,0.0275049115913556,0.0004778845643285713
0,0.01,train_pool,50,8,0.019656019656019656,10,0.019646365422396856,9.65423362279949e-06
0,0.01,train_pool,51-55,27,0.06633906633906633,33,0.06483300589390963,0.0015060604451567067
0,0.01,train_pool,56-60,23,0.056511056511056514,28,0.0550098231827112,0.0015012333283453139
0,0.01,train_pool,61-65,2,0.004914004914004914,2,0.003929273084479371,0.0009847318295255428
0,0.01,train_pool,66-67,0,0.0,1,0.0019646365422396855,0.0019646365422396855
0,0.01,train_fraction,10-11,0,0.0,21,0.0412573673870334,0.0412573673870334
0,0.01,train_fraction,12-13,0,0.0,37,0.07269155206286837,0.07269155206286837
0,0.01,train_fraction,14-15,1,0.25,57,0.11198428290766209,0.1380157170923379
0,0.01,train_fraction,16-17,0,0.0,37,0.07269155206286837,0.07269155206286837
0,0.01,train_fraction,18-19,0,0.0,20,0.03929273084479371,0.03929273084479371
0,0.01,train_fraction,20-21,0,0.0,24,0.047151277013752456,0.047151277013752456
0,0.01,train_fraction,22-23,0,0.0,22,0.043222003929273084,0.043222003929273084
0,0.01,train_fraction,24-25,0,0.0,15,0.029469548133595286,0.029469548133595286
0,0.01,train_fraction,26-27,1,0.25,17,0.03339882121807466,0.21660117878192534
0,0.01,train_fraction,28-29,1,0.25,21,0.0412573673870334,0.2087426326129666
0,0.01,train_fraction,30-31,0,0.0,11,0.021611001964636542,0.021611001964636542
0,0.01,train_fraction,32-33,0,0.0,18,0.03536345776031434,0.03536345776031434
0,0.01,train_fraction,34-35,0,0.0,22,0.043222003929273084,0.043222003929273084
0,0.01,train_fraction,36-37,0,0.0,20,0.03929273084479371,0.03929273084479371
0,0.01,train_fraction,38-39,0,0.0,13,0.025540275049115914,0.025540275049115914
0,0.01,train_fraction,40-41,0,0.0,14,0.0275049115913556,0.0275049115913556
0,0.01,train_fraction,42-43,1,0.25,23,0.04518664047151277,0.20481335952848723
0,0.01,train_fraction,44-45,0,0.0,12,0.023575638506876228,0.023575638506876228
0,0.01,train_fraction,46-47,0,0.0,17,0.03339882121807466,0.03339882121807466
0,0.01,train_fraction,48-49,0,0.0,14,0.0275049115913556,0.0275049115913556
0,0.01,train_fraction,50,0,0.0,10,0.019646365422396856,0.019646365422396856
0,0.01,train_fraction,51-55,0,0.0,33,0.06483300589390963,0.06483300589390963
0,0.01,train_fraction,56-60,0,0.0,28,0.0550098231827112,0.0550098231827112
0,0.01,train_fraction,61-65,0,0.0,2,0.003929273084479371,0.003929273084479371
0,0.01,train_fraction,66-67,0,0.0,1,0.0019646365422396855,0.0019646365422396855
0,0.01,val,10-11,5,0.049019607843137254,21,0.0412573673870334,0.007762240456103853
0,0.01,val,12-13,8,0.0784313725490196,37,0.07269155206286837,0.005739820486151237
0,0.01,val,14-15,12,0.11764705882352941,57,0.11198428290766209,0.005662775915867321
0,0.01,val,16-17,7,0.06862745098039216,37,0.07269155206286837,0.004064101082476207
0,0.01,val,18-19,4,0.0392156862745098,20,0.03929273084479371,7.704457028390871e-05
0,0.01,val,20-21,4,0.0392156862745098,24,0.047151277013752456,0.007935590739242653
0,0.01,val,22-23,4,0.0392156862745098,22,0.043222003929273084,0.004006317654763281
0,0.01,val,24-25,3,0.029411764705882353,15,0.029469548133595286,5.7783427712933266e-05
0,0.01,val,26-27,4,0.0392156862745098,17,0.03339882121807466,0.005816865056435146
0,0.01,val,28-29,5,0.049019607843137254,21,0.0412573673870334,0.007762240456103853
0,0.01,val,30-31,2,0.0196078431372549,11,0.021611001964636542,0.0020031588273816403
0,0.01,val,32-33,3,0.029411764705882353,18,0.03536345776031434,0.005951693054431988
0,0.01,val,34-35,4,0.0392156862745098,22,0.043222003929273084,0.004006317654763281
0,0.01,val,36-37,4,0.0392156862745098,20,0.03929273084479371,7.704457028390871e-05
0,0.01,val,38-39,2,0.0196078431372549,13,0.025540275049115914,0.005932431911861012
0,0.01,val,40-41,3,0.029411764705882353,14,0.0275049115913556,0.0019068531145267527
0,0.01,val,42-43,4,0.0392156862745098,23,0.04518664047151277,0.00597095419700297
0,0.01,val,44-45,3,0.029411764705882353,12,0.023575638506876228,0.005836126199006125
0,0.01,val,46-47,4,0.0392156862745098,17,0.03339882121807466,0.005816865056435146
0,0.01,val,48-49,3,0.029411764705882353,14,0.0275049115913556,0.0019068531145267527
0,0.01,val,50,2,0.0196078431372549,10,0.019646365422396856,3.8522285141954354e-05
0,0.01,val,51-55,6,0.058823529411764705,33,0.06483300589390963,0.006009476482144921
0,0.01,val,56-60,5,0.049019607843137254,28,0.0550098231827112,0.0059902153395739455
0,0.01,val,61-65,0,0.0,2,0.003929273084479371,0.003929273084479371
0,0.01,val,66-67,1,0.00980392156862745,1,0.0019646365422396855,0.007839285026387765
0,0.05,overall,10-11,21,0.0412573673870334,21,0.0412573673870334,0.0
0,0.05,overall,12-13,37,0.07269155206286837,37,0.07269155206286837,0.0
0,0.05,overall,14-15,57,0.11198428290766209,57,0.11198428290766209,0.0
0,0.05,overall,16-17,37,0.07269155206286837,37,0.07269155206286837,0.0
0,0.05,overall,18-19,20,0.03929273084479371,20,0.03929273084479371,0.0
0,0.05,overall,20-21,24,0.047151277013752456,24,0.047151277013752456,0.0
0,0.05,overall,22-23,22,0.043222003929273084,22,0.043222003929273084,0.0
0,0.05,overall,24-25,15,0.029469548133595286,15,0.029469548133595286,0.0
0,0.05,overall,26-27,17,0.03339882121807466,17,0.03339882121807466,0.0
0,0.05,overall,28-29,21,0.0412573673870334,21,0.0412573673870334,0.0
0,0.05,overall,30-31,11,0.021611001964636542,11,0.021611001964636542,0.0
0,0.05,overall,32-33,18,0.03536345776031434,18,0.03536345776031434,0.0
0,0.05,overall,34-35,22,0.043222003929273084,22,0.043222003929273084,0.0
0,0.05,overall,36-37,20,0.03929273084479371,20,0.03929273084479371,0.0
0,0.05,overall,38-39,13,0.025540275049115914,13,0.025540275049115914,0.0
0,0.05,overall,40-41,14,0.0275049115913556,14,0.0275049115913556,0.0
0,0.05,overall,42-43,23,0.04518664047151277,23,0.04518664047151277,0.0
0,0.05,overall,44-45,12,0.023575638506876228,12,0.023575638506876228,0.0
0,0.05,overall,46-47,17,0.03339882121807466,17,0.03339882121807466,0.0
0,0.05,overall,48-49,14,0.0275049115913556,14,0.0275049115913556,0.0
0,0.05,overall,50,10,0.019646365422396856,10,0.019646365422396856,0.0
0,0.05,overall,51-55,33,0.06483300589390963,33,0.06483300589390963,0.0
0,0.05,overall,56-60,28,0.0550098231827112,28,0.0550098231827112,0.0
0,0.05,overall,61-65,2,0.003929273084479371,2,0.003929273084479371,0.0
0,0.05,overall,66-67,1,0.0019646365422396855,1,0.0019646365422396855,0.0
0,0.05,train_pool,10-11,16,0.03931203931203931,21,0.0412573673870334,0.0019453280749940904
0,0.05,train_pool,12-13,29,0.07125307125307126,37,0.07269155206286837,0.0014384808097971102
0,0.05,train_pool,14-15,45,0.11056511056511056,57,0.11198428290766209,0.0014191723425515251
0,0.05,train_pool,16-17,30,0.07371007371007371,37,0.07269155206286837,0.0010185216472053393
0,0.05,train_pool,18-19,16,0.03931203931203931,20,0.03929273084479371,1.930846724559898e-05
0,0.05,train_pool,20-21,20,0.04914004914004914,24,0.047151277013752456,0.001988772126296681
0,0.05,train_pool,22-23,18,0.044226044226044224,22,0.043222003929273084,0.00100404029677114
0,0.05,train_pool,24-25,12,0.029484029484029485,15,0.029469548133595286,1.4481350434199236e-05
0,0.05,train_pool,26-27,13,0.03194103194103194,17,0.03339882121807466,0.0014577892770427162
0,0.05,train_pool,28-29,16,0.03931203931203931,21,0.0412573673870334,0.0019453280749940904
0,0.05,train_pool,30-31,9,0.022113022113022112,11,0.021611001964636542,0.00050202014838557
0,0.05,train_pool,32-33,15,0.036855036855036855,18,0.03536345776031434,0.0014915790947225144
0,0.05,train_pool,34-35,18,0.044226044226044224,22,0.043222003929273084,0.00100404029677114
0,0.05,train_pool,36-37,16,0.03931203931203931,20,0.03929273084479371,1.930846724559898e-05
0,0.05,train_pool,38-39,11,0.02702702702702703,13,0.025540275049115914,0.0014867519779111146
0,0.05,train_pool,40-41,11,0.02702702702702703,14,0.0275049115913556,0.0004778845643285713
0,0.05,train_pool,42-43,19,0.04668304668304668,23,0.04518664047151277,0.0014964062115339072
0,0.05,train_pool,44-45,9,0.022113022113022112,12,0.023575638506876228,0.001462616393854116
0,0.05,train_pool,46-47,13,0.03194103194103194,17,0.03339882121807466,0.0014577892770427162
0,0.05,train_pool,48-49,11,0.02702702702702703,14,0.0275049115913556,0.0004778845643285713
0,0.05,train_pool,50,8,0.019656019656019656,10,0.019646365422396856,9.65423362279949e-06
0,0.05,train_pool,51-55,27,0.06633906633906633,33,0.06483300589390963,0.0015060604451567067
0,0.05,train_pool,56-60,23,0.056511056511056514,28,0.0550098231827112,0.0015012333283453139
0,0.05,train_pool,61-65,2,0.004914004914004914,2,0.003929273084479371,0.0009847318295255428
0,0.05,train_pool,66-67,0,0.0,1,0.0019646365422396855,0.0019646365422396855
0,0.05,train_fraction,10-11,0,0.0,21,0.0412573673870334,0.0412573673870334
0,0.05,train_fraction,12-13,1,0.05,37,0.07269155206286837,0.022691552062868367
0,0.05,train_fraction,14-15,2,0.1,57,0.11198428290766209,0.011984282907662083
0,0.05,train_fraction,16-17,3,0.15,37,0.07269155206286837,0.07730844793713162
0,0.05,train_fraction,18-19,1,0.05,20,0.03929273084479371,0.01070726915520629
0,0.05,train_fraction,20-21,2,0.1,24,0.047151277013752456,0.05284872298624755
0,0.05,train_fraction,22-23,0,0.0,22,0.043222003929273084,0.043222003929273084
0,0.05,train_fraction,24-25,0,0.0,15,0.029469548133595286,0.029469548133595286
0,0.05,train_fraction,26-27,1,0.05,17,0.03339882121807466,0.016601178781925345
0,0.05,train_fraction,28-29,1,0.05,21,0.0412573673870334,0.008742632612966601
0,0.05,train_fraction,30-31,1,0.05,11,0.021611001964636542,0.02838899803536346
0,0.05,train_fraction,32-33,3,0.15,18,0.03536345776031434,0.11463654223968565
0,0.05,train_fraction,34-35,2,0.1,22,0.043222003929273084,0.05677799607072692
0,0.05,train_fraction,36-37,0,0.0,20,0.03929273084479371,0.03929273084479371
0,0.05,train_fraction,38-39,0,0.0,13,0.025540275049115914,0.025540275049115914
0,0.05,train_fraction,40-41,1,0.05,14,0.0275049115913556,0.022495088408644403
0,0.05,train_fraction,42-43,2,0.1,23,0.04518664047151277,0.05481335952848723
0,0.05,train_fraction,44-45,0,0.0,12,0.023575638506876228,0.023575638506876228
0,0.05,train_fraction,46-47,0,0.0,17,0.03339882121807466,0.03339882121807466
0,0.05,train_fraction,48-49,0,0.0,14,0.0275049115913556,0.0275049115913556
0,0.05,train_fraction,50,0,0.0,10,0.019646365422396856,0.019646365422396856
0,0.05,train_fraction,51-55,0,0.0,33,0.06483300589390963,0.06483300589390963
0,0.05,train_fraction,56-60,0,0.0,28,0.0550098231827112,0.0550098231827112
0,0.05,train_fraction,61-65,0,0.0,2,0.003929273084479371,0.003929273084479371
0,0.05,train_fraction,66-67,0,0.0,1,0.0019646365422396855,0.0019646365422396855
0,0.05,val,10-11,5,0.049019607843137254,21,0.0412573673870334,0.007762240456103853
0,0.05,val,12-13,8,0.0784313725490196,37,0.07269155206286837,0.005739820486151237
0,0.05,val,14-15,12,0.11764705882352941,57,0.11198428290766209,0.005662775915867321
0,0.05,val,16-17,7,0.06862745098039216,37,0.07269155206286837,0.004064101082476207
0,0.05,val,18-19,4,0.0392156862745098,20,0.03929273084479371,7.704457028390871e-05
0,0.05,val,20-21,4,0.0392156862745098,24,0.047151277013752456,0.007935590739242653
0,0.05,val,22-23,4,0.0392156862745098,22,0.043222003929273084,0.004006317654763281
0,0.05,val,24-25,3,0.029411764705882353,15,0.029469548133595286,5.7783427712933266e-05
0,0.05,val,26-27,4,0.0392156862745098,17,0.03339882121807466,0.005816865056435146
0,0.05,val,28-29,5,0.049019607843137254,21,0.0412573673870334,0.007762240456103853
0,0.05,val,30-31,2,0.0196078431372549,11,0.021611001964636542,0.0020031588273816403
0,0.05,val,32-33,3,0.029411764705882353,18,0.03536345776031434,0.005951693054431988
0,0.05,val,34-35,4,0.0392156862745098,22,0.043222003929273084,0.004006317654763281
0,0.05,val,36-37,4,0.0392156862745098,20,0.03929273084479371,7.704457028390871e-05
0,0.05,val,38-39,2,0.0196078431372549,13,0.025540275049115914,0.005932431911861012
0,0.05,val,40-41,3,0.029411764705882353,14,0.0275049115913556,0.0019068531145267527
0,0.05,val,42-43,4,0.0392156862745098,23,0.04518664047151277,0.00597095419700297
0,0.05,val,44-45,3,0.029411764705882353,12,0.023575638506876228,0.005836126199006125
0,0.05,val,46-47,4,0.0392156862745098,17,0.03339882121807466,0.005816865056435146
0,0.05,val,48-49,3,0.029411764705882353,14,0.0275049115913556,0.0019068531145267527
0,0.05,val,50,2,0.0196078431372549,10,0.019646365422396856,3.8522285141954354e-05
0,0.05,val,51-55,6,0.058823529411764705,33,0.06483300589390963,0.006009476482144921
0,0.05,val,56-60,5,0.049019607843137254,28,0.0550098231827112,0.0059902153395739455
0,0.05,val,61-65,0,0.0,2,0.003929273084479371,0.003929273084479371
0,0.05,val,66-67,1,0.00980392156862745,1,0.0019646365422396855,0.007839285026387765
0,0.10,overall,10-11,21,0.0412573673870334,21,0.0412573673870334,0.0
0,0.10,overall,12-13,37,0.07269155206286837,37,0.07269155206286837,0.0
0,0.10,overall,14-15,57,0.11198428290766209,57,0.11198428290766209,0.0
0,0.10,overall,16-17,37,0.07269155206286837,37,0.07269155206286837,0.0
0,0.10,overall,18-19,20,0.03929273084479371,20,0.03929273084479371,0.0
0,0.10,overall,20-21,24,0.047151277013752456,24,0.047151277013752456,0.0
0,0.10,overall,22-23,22,0.043222003929273084,22,0.043222003929273084,0.0
0,0.10,overall,24-25,15,0.029469548133595286,15,0.029469548133595286,0.0
0,0.10,overall,26-27,17,0.03339882121807466,17,0.03339882121807466,0.0
0,0.10,overall,28-29,21,0.0412573673870334,21,0.0412573673870334,0.0
0,0.10,overall,30-31,11,0.021611001964636542,11,0.021611001964636542,0.0
0,0.10,overall,32-33,18,0.03536345776031434,18,0.03536345776031434,0.0
0,0.10,overall,34-35,22,0.043222003929273084,22,0.043222003929273084,0.0
0,0.10,overall,36-37,20,0.03929273084479371,20,0.03929273084479371,0.0
0,0.10,overall,38-39,13,0.025540275049115914,13,0.025540275049115914,0.0
0,0.10,overall,40-41,14,0.0275049115913556,14,0.0275049115913556,0.0
0,0.10,overall,42-43,23,0.04518664047151277,23,0.04518664047151277,0.0
0,0.10,overall,44-45,12,0.023575638506876228,12,0.023575638506876228,0.0
0,0.10,overall,46-47,17,0.03339882121807466,17,0.03339882121807466,0.0
0,0.10,overall,48-49,14,0.0275049115913556,14,0.0275049115913556,0.0
0,0.10,overall,50,10,0.019646365422396856,10,0.019646365422396856,0.0
0,0.10,overall,51-55,33,0.06483300589390963,33,0.06483300589390963,0.0
0,0.10,overall,56-60,28,0.0550098231827112,28,0.0550098231827112,0.0
0,0.10,overall,61-65,2,0.003929273084479371,2,0.003929273084479371,0.0
0,0.10,overall,66-67,1,0.0019646365422396855,1,0.0019646365422396855,0.0
0,0.10,train_pool,10-11,16,0.03931203931203931,21,0.0412573673870334,0.0019453280749940904
0,0.10,train_pool,12-13,29,0.07125307125307126,37,0.07269155206286837,0.0014384808097971102
0,0.10,train_pool,14-15,45,0.11056511056511056,57,0.11198428290766209,0.0014191723425515251
0,0.10,train_pool,16-17,30,0.07371007371007371,37,0.07269155206286837,0.0010185216472053393
0,0.10,train_pool,18-19,16,0.03931203931203931,20,0.03929273084479371,1.930846724559898e-05
0,0.10,train_pool,20-21,20,0.04914004914004914,24,0.047151277013752456,0.001988772126296681
0,0.10,train_pool,22-23,18,0.044226044226044224,22,0.043222003929273084,0.00100404029677114
0,0.10,train_pool,24-25,12,0.029484029484029485,15,0.029469548133595286,1.4481350434199236e-05
0,0.10,train_pool,26-27,13,0.03194103194103194,17,0.03339882121807466,0.0014577892770427162
0,0.10,train_pool,28-29,16,0.03931203931203931,21,0.0412573673870334,0.0019453280749940904
0,0.10,train_pool,30-31,9,0.022113022113022112,11,0.021611001964636542,0.00050202014838557
0,0.10,train_pool,32-33,15,0.036855036855036855,18,0.03536345776031434,0.0014915790947225144
0,0.10,train_pool,34-35,18,0.044226044226044224,22,0.043222003929273084,0.00100404029677114
0,0.10,train_pool,36-37,16,0.03931203931203931,20,0.03929273084479371,1.930846724559898e-05
0,0.10,train_pool,38-39,11,0.02702702702702703,13,0.025540275049115914,0.0014867519779111146
0,0.10,train_pool,40-41,11,0.02702702702702703,14,0.0275049115913556,0.0004778845643285713
0,0.10,train_pool,42-43,19,0.04668304668304668,23,0.04518664047151277,0.0014964062115339072
0,0.10,train_pool,44-45,9,0.022113022113022112,12,0.023575638506876228,0.001462616393854116
0,0.10,train_pool,46-47,13,0.03194103194103194,17,0.03339882121807466,0.0014577892770427162
0,0.10,train_pool,48-49,11,0.02702702702702703,14,0.0275049115913556,0.0004778845643285713
0,0.10,train_pool,50,8,0.019656019656019656,10,0.019646365422396856,9.65423362279949e-06
0,0.10,train_pool,51-55,27,0.06633906633906633,33,0.06483300589390963,0.0015060604451567067
0,0.10,train_pool,56-60,23,0.056511056511056514,28,0.0550098231827112,0.0015012333283453139
0,0.10,train_pool,61-65,2,0.004914004914004914,2,0.003929273084479371,0.0009847318295255428
0,0.10,train_pool,66-67,0,0.0,1,0.0019646365422396855,0.0019646365422396855
0,0.10,train_fraction,10-11,1,0.024390243902439025,21,0.0412573673870334,0.016867123484594376
0,0.10,train_fraction,12-13,3,0.07317073170731707,37,0.07269155206286837,0.000479179644448699
0,0.10,train_fraction,14-15,4,0.0975609756097561,57,0.11198428290766209,0.014423307297905988
0,0.10,train_fraction,16-17,3,0.07317073170731707,37,0.07269155206286837,0.000479179644448699
0,0.10,train_fraction,18-19,2,0.04878048780487805,20,0.03929273084479371,0.009487756960084338
0,0.10,train_fraction,20-21,2,0.04878048780487805,24,0.047151277013752456,0.0016292107911255946
0,0.10,train_fraction,22-23,2,0.04878048780487805,22,0.043222003929273084,0.0055584838756049665
0,0.10,train_fraction,24-25,1,0.024390243902439025,15,0.029469548133595286,0.0050793042311562606
0,0.10,train_fraction,26-27,1,0.024390243902439025,17,0.03339882121807466,0.009008577315635632
0,0.10,train_fraction,28-29,2,0.04878048780487805,21,0.0412573673870334,0.007523120417844649
0,0.10,train_fraction,30-31,1,0.024390243902439025,11,0.021611001964636542,0.0027792419378024832
0,0.10,train_fraction,32-33,1,0.024390243902439025,18,0.03536345776031434,0.010973213857875315
0,0.10,train_fraction,34-35,2,0.04878048780487805,22,0.043222003929273084,0.0055584838756049665
0,0.10,train_fraction,36-37,2,0.04878048780487805,20,0.03929273084479371,0.009487756960084338
0,0.10,train_fraction,38-39,1,0.024390243902439025,13,0.025540275049115914,0.0011500311466768887
0,0.10,train_fraction,40-41,1,0.024390243902439025,14,0.0275049115913556,0.0031146676889165746
0,0.10,train_fraction,42-43,2,0.04878048780487805,23,0.04518664047151277,0.003593847333365277
0,0.10,train_fraction,44-45,1,0.024390243902439025,12,0.023575638506876228,0.0008146053955627973
0,0.10,train_fraction,46-47,1,0.024390243902439025,17,0.03339882121807466,0.009008577315635632
0,0.10,train_fraction,48-49,1,0.024390243902439025,14,0.0275049115913556,0.0031146676889165746
0,0.10,train_fraction,50,1,0.024390243902439025,10,0.019646365422396856,0.004743878480042169
0,0.10,train_fraction,51-55,3,0.07317073170731707,33,0.06483300589390963,0.008337725813407443
0,0.10,train_fraction,56-60,2,0.04878048780487805,28,0.0550098231827112,0.006229335377833149
0,0.10,train_fraction,61-65,1,0.024390243902439025,2,0.003929273084479371,0.020460970817959653
0,0.10,train_fraction,66-67,0,0.0,1,0.0019646365422396855,0.0019646365422396855
0,0.10,val,10-11,5,0.049019607843137254,21,0.0412573673870334,0.007762240456103853
0,0.10,val,12-13,8,0.0784313725490196,37,0.07269155206286837,0.005739820486151237
0,0.10,val,14-15,12,0.11764705882352941,57,0.11198428290766209,0.005662775915867321
0,0.10,val,16-17,7,0.06862745098039216,37,0.07269155206286837,0.004064101082476207
0,0.10,val,18-19,4,0.0392156862745098,20,0.03929273084479371,7.704457028390871e-05
0,0.10,val,20-21,4,0.0392156862745098,24,0.047151277013752456,0.007935590739242653
0,0.10,val,22-23,4,0.0392156862745098,22,0.043222003929273084,0.004006317654763281
0,0.10,val,24-25,3,0.029411764705882353,15,0.029469548133595286,5.7783427712933266e-05
0,0.10,val,26-27,4,0.0392156862745098,17,0.03339882121807466,0.005816865056435146
0,0.10,val,28-29,5,0.049019607843137254,21,0.0412573673870334,0.007762240456103853
0,0.10,val,30-31,2,0.0196078431372549,11,0.021611001964636542,0.0020031588273816403
0,0.10,val,32-33,3,0.029411764705882353,18,0.03536345776031434,0.005951693054431988
0,0.10,val,34-35,4,0.0392156862745098,22,0.043222003929273084,0.004006317654763281
0,0.10,val,36-37,4,0.0392156862745098,20,0.03929273084479371,7.704457028390871e-05
0,0.10,val,38-39,2,0.0196078431372549,13,0.025540275049115914,0.005932431911861012
0,0.10,val,40-41,3,0.029411764705882353,14,0.0275049115913556,0.0019068531145267527
0,0.10,val,42-43,4,0.0392156862745098,23,0.04518664047151277,0.00597095419700297
0,0.10,val,44-45,3,0.029411764705882353,12,0.023575638506876228,0.005836126199006125
0,0.10,val,46-47,4,0.0392156862745098,17,0.03339882121807466,0.005816865056435146
0,0.10,val,48-49,3,0.029411764705882353,14,0.0275049115913556,0.0019068531145267527
0,0.10,val,50,2,0.0196078431372549,10,0.019646365422396856,3.8522285141954354e-05
0,0.10,val,51-55,6,0.058823529411764705,33,0.06483300589390963,0.006009476482144921
0,0.10,val,56-60,5,0.049019607843137254,28,0.0550098231827112,0.0059902153395739455
0,0.10,val,61-65,0,0.0,2,0.003929273084479371,0.003929273084479371
0,0.10,val,66-67,1,0.00980392156862745,1,0.0019646365422396855,0.007839285026387765
0,0.25,overall,10-11,21,0.0412573673870334,21,0.0412573673870334,0.0
0,0.25,overall,12-13,37,0.07269155206286837,37,0.07269155206286837,0.0
0,0.25,overall,14-15,57,0.11198428290766209,57,0.11198428290766209,0.0
0,0.25,overall,16-17,37,0.07269155206286837,37,0.07269155206286837,0.0
0,0.25,overall,18-19,20,0.03929273084479371,20,0.03929273084479371,0.0
0,0.25,overall,20-21,24,0.047151277013752456,24,0.047151277013752456,0.0
0,0.25,overall,22-23,22,0.043222003929273084,22,0.043222003929273084,0.0
0,0.25,overall,24-25,15,0.029469548133595286,15,0.029469548133595286,0.0
0,0.25,overall,26-27,17,0.03339882121807466,17,0.03339882121807466,0.0
0,0.25,overall,28-29,21,0.0412573673870334,21,0.0412573673870334,0.0
0,0.25,overall,30-31,11,0.021611001964636542,11,0.021611001964636542,0.0
0,0.25,overall,32-33,18,0.03536345776031434,18,0.03536345776031434,0.0
0,0.25,overall,34-35,22,0.043222003929273084,22,0.043222003929273084,0.0
0,0.25,overall,36-37,20,0.03929273084479371,20,0.03929273084479371,0.0
0,0.25,overall,38-39,13,0.025540275049115914,13,0.025540275049115914,0.0
0,0.25,overall,40-41,14,0.0275049115913556,14,0.0275049115913556,0.0
0,0.25,overall,42-43,23,0.04518664047151277,23,0.04518664047151277,0.0
0,0.25,overall,44-45,12,0.023575638506876228,12,0.023575638506876228,0.0
0,0.25,overall,46-47,17,0.03339882121807466,17,0.03339882121807466,0.0
0,0.25,overall,48-49,14,0.0275049115913556,14,0.0275049115913556,0.0
0,0.25,overall,50,10,0.019646365422396856,10,0.019646365422396856,0.0
0,0.25,overall,51-55,33,0.06483300589390963,33,0.06483300589390963,0.0
0,0.25,overall,56-60,28,0.0550098231827112,28,0.0550098231827112,0.0
0,0.25,overall,61-65,2,0.003929273084479371,2,0.003929273084479371,0.0
0,0.25,overall,66-67,1,0.0019646365422396855,1,0.0019646365422396855,0.0
0,0.25,train_pool,10-11,16,0.03931203931203931,21,0.0412573673870334,0.0019453280749940904
0,0.25,train_pool,12-13,29,0.07125307125307126,37,0.07269155206286837,0.0014384808097971102
0,0.25,train_pool,14-15,45,0.11056511056511056,57,0.11198428290766209,0.0014191723425515251
0,0.25,train_pool,16-17,30,0.07371007371007371,37,0.07269155206286837,0.0010185216472053393
0,0.25,train_pool,18-19,16,0.03931203931203931,20,0.03929273084479371,1.930846724559898e-05
0,0.25,train_pool,20-21,20,0.04914004914004914,24,0.047151277013752456,0.001988772126296681
0,0.25,train_pool,22-23,18,0.044226044226044224,22,0.043222003929273084,0.00100404029677114
0,0.25,train_pool,24-25,12,0.029484029484029485,15,0.029469548133595286,1.4481350434199236e-05
0,0.25,train_pool,26-27,13,0.03194103194103194,17,0.03339882121807466,0.0014577892770427162
0,0.25,train_pool,28-29,16,0.03931203931203931,21,0.0412573673870334,0.0019453280749940904
0,0.25,train_pool,30-31,9,0.022113022113022112,11,0.021611001964636542,0.00050202014838557
0,0.25,train_pool,32-33,15,0.036855036855036855,18,0.03536345776031434,0.0014915790947225144
0,0.25,train_pool,34-35,18,0.044226044226044224,22,0.043222003929273084,0.00100404029677114
0,0.25,train_pool,36-37,16,0.03931203931203931,20,0.03929273084479371,1.930846724559898e-05
0,0.25,train_pool,38-39,11,0.02702702702702703,13,0.025540275049115914,0.0014867519779111146
0,0.25,train_pool,40-41,11,0.02702702702702703,14,0.0275049115913556,0.0004778845643285713
0,0.25,train_pool,42-43,19,0.04668304668304668,23,0.04518664047151277,0.0014964062115339072
0,0.25,train_pool,44-45,9,0.022113022113022112,12,0.023575638506876228,0.001462616393854116
0,0.25,train_pool,46-47,13,0.03194103194103194,17,0.03339882121807466,0.0014577892770427162
0,0.25,train_pool,48-49,11,0.02702702702702703,14,0.0275049115913556,0.0004778845643285713
0,0.25,train_pool,50,8,0.019656019656019656,10,0.019646365422396856,9.65423362279949e-06
0,0.25,train_pool,51-55,27,0.06633906633906633,33,0.06483300589390963,0.0015060604451567067
0,0.25,train_pool,56-60,23,0.056511056511056514,28,0.0550098231827112,0.0015012333283453139
0,0.25,train_pool,61-65,2,0.004914004914004914,2,0.003929273084479371,0.0009847318295255428
0,0.25,train_pool,66-67,0,0.0,1,0.0019646365422396855,0.0019646365422396855
0,0.25,train_fraction,10-11,4,0.0392156862745098,21,0.0412573673870334,0.002041681112523598
0,0.25,train_fraction,12-13,6,0.058823529411764705,37,0.07269155206286837,0.013868022651103665
0,0.25,train_fraction,14-15,10,0.09803921568627451,57,0.11198428290766209,0.01394506722138758
0,0.25,train_fraction,16-17,7,0.06862745098039216,37,0.07269155206286837,0.004064101082476207
0,0.25,train_fraction,18-19,4,0.0392156862745098,20,0.03929273084479371,7.704457028390871e-05
0,0.25,train_fraction,20-21,4,0.0392156862745098,24,0.047151277013752456,0.007935590739242653
0,0.25,train_fraction,22-23,3,0.029411764705882353,22,0.043222003929273084,0.013810239223390731
0,0.25,train_fraction,24-25,3,0.029411764705882353,15,0.029469548133595286,5.7783427712933266e-05
0,0.25,train_fraction,26-27,4,0.0392156862745098,17,0.03339882121807466,0.005816865056435146
0,0.25,train_fraction,28-29,4,0.0392156862745098,21,0.0412573673870334,0.002041681112523598
0,0.25,train_fraction,30-31,3,0.029411764705882353,11,0.021611001964636542,0.0078007627412458105
0,0.25,train_fraction,32-33,3,0.029411764705882353,18,0.03536345776031434,0.005951693054431988
0,0.25,train_fraction,34-35,4,0.0392156862745098,22,0.043222003929273084,0.004006317654763281
0,0.25,train_fraction,36-37,5,0.049019607843137254,20,0.03929273084479371,0.009726876998343542
0,0.25,train_fraction,38-39,3,0.029411764705882353,13,0.025540275049115914,0.0038714896567664386
0,0.25,train_fraction,40-41,3,0.029411764705882353,14,0.0275049115913556,0.0019068531145267527
0,0.25,train_fraction,42-43,4,0.0392156862745098,23,0.04518664047151277,0.00597095419700297
0,0.25,train_fraction,44-45,2,0.0196078431372549,12,0.023575638506876228,0.003967795369621326
0,0.25,train_fraction,46-47,4,0.0392156862745098,17,0.03339882121807466,0.005816865056435146
0,0.25,train_fraction,48-49,3,0.029411764705882353,14,0.0275049115913556,0.0019068531145267527
0,0.25,train_fraction,50,3,0.029411764705882353,10,0.019646365422396856,0.009765399283485496
0,0.25,train_fraction,51-55,7,0.06862745098039216,33,0.06483300589390963,0.003794445086482537
0,0.25,train_fraction,56-60,7,0.06862745098039216,28,0.0550098231827112,0.013617627797680963
0,0.25,train_fraction,61-65,2,0.0196078431372549,2,0.003929273084479371,0.01567857005277553
0,0.25,train_fraction,66-67,0,0.0,1,0.0019646365422396855,0.0019646365422396855
0,0.25,val,10-11,5,0.049019607843137254,21,0.0412573673870334,0.007762240456103853
0,0.25,val,12-13,8,0.0784313725490196,37,0.07269155206286837,0.005739820486151237
0,0.25,val,14-15,12,0.11764705882352941,57,0.11198428290766209,0.005662775915867321
0,0.25,val,16-17,7,0.06862745098039216,37,0.07269155206286837,0.004064101082476207
0,0.25,val,18-19,4,0.0392156862745098,20,0.03929273084479371,7.704457028390871e-05
0,0.25,val,20-21,4,0.0392156862745098,24,0.047151277013752456,0.007935590739242653
0,0.25,val,22-23,4,0.0392156862745098,22,0.043222003929273084,0.004006317654763281
0,0.25,val,24-25,3,0.029411764705882353,15,0.029469548133595286,5.7783427712933266e-05
0,0.25,val,26-27,4,0.0392156862745098,17,0.03339882121807466,0.005816865056435146
0,0.25,val,28-29,5,0.049019607843137254,21,0.0412573673870334,0.007762240456103853
0,0.25,val,30-31,2,0.0196078431372549,11,0.021611001964636542,0.0020031588273816403
0,0.25,val,32-33,3,0.029411764705882353,18,0.03536345776031434,0.005951693054431988
0,0.25,val,34-35,4,0.0392156862745098,22,0.043222003929273084,0.004006317654763281
0,0.25,val,36-37,4,0.0392156862745098,20,0.03929273084479371,7.704457028390871e-05
0,0.25,val,38-39,2,0.0196078431372549,13,0.025540275049115914,0.005932431911861012
0,0.25,val,40-41,3,0.029411764705882353,14,0.0275049115913556,0.0019068531145267527
0,0.25,val,42-43,4,0.0392156862745098,23,0.04518664047151277,0.00597095419700297
0,0.25,val,44-45,3,0.029411764705882353,12,0.023575638506876228,0.005836126199006125
0,0.25,val,46-47,4,0.0392156862745098,17,0.03339882121807466,0.005816865056435146
0,0.25,val,48-49,3,0.029411764705882353,14,0.0275049115913556,0.0019068531145267527
0,0.25,val,50,2,0.0196078431372549,10,0.019646365422396856,3.8522285141954354e-05
0,0.25,val,51-55,6,0.058823529411764705,33,0.06483300589390963,0.006009476482144921
0,0.25,val,56-60,5,0.049019607843137254,28,0.0550098231827112,0.0059902153395739455
0,0.25,val,61-65,0,0.0,2,0.003929273084479371,0.003929273084479371
0,0.25,val,66-67,1,0.00980392156862745,1,0.0019646365422396855,0.007839285026387765
0,0.50,overall,10-11,21,0.0412573673870334,21,0.0412573673870334,0.0
0,0.50,overall,12-13,37,0.07269155206286837,37,0.07269155206286837,0.0
0,0.50,overall,14-15,57,0.11198428290766209,57,0.11198428290766209,0.0
0,0.50,overall,16-17,37,0.07269155206286837,37,0.07269155206286837,0.0
0,0.50,overall,18-19,20,0.03929273084479371,20,0.03929273084479371,0.0
0,0.50,overall,20-21,24,0.047151277013752456,24,0.047151277013752456,0.0
0,0.50,overall,22-23,22,0.043222003929273084,22,0.043222003929273084,0.0
0,0.50,overall,24-25,15,0.029469548133595286,15,0.029469548133595286,0.0
0,0.50,overall,26-27,17,0.03339882121807466,17,0.03339882121807466,0.0
0,0.50,overall,28-29,21,0.0412573673870334,21,0.0412573673870334,0.0
0,0.50,overall,30-31,11,0.021611001964636542,11,0.021611001964636542,0.0
0,0.50,overall,32-33,18,0.03536345776031434,18,0.03536345776031434,0.0
0,0.50,overall,34-35,22,0.043222003929273084,22,0.043222003929273084,0.0
0,0.50,overall,36-37,20,0.03929273084479371,20,0.03929273084479371,0.0
0,0.50,overall,38-39,13,0.025540275049115914,13,0.025540275049115914,0.0
0,0.50,overall,40-41,14,0.0275049115913556,14,0.0275049115913556,0.0
0,0.50,overall,42-43,23,0.04518664047151277,23,0.04518664047151277,0.0
0,0.50,overall,44-45,12,0.023575638506876228,12,0.023575638506876228,0.0
0,0.50,overall,46-47,17,0.03339882121807466,17,0.03339882121807466,0.0
0,0.50,overall,48-49,14,0.0275049115913556,14,0.0275049115913556,0.0
0,0.50,overall,50,10,0.019646365422396856,10,0.019646365422396856,0.0
0,0.50,overall,51-55,33,0.06483300589390963,33,0.06483300589390963,0.0
0,0.50,overall,56-60,28,0.0550098231827112,28,0.0550098231827112,0.0
0,0.50,overall,61-65,2,0.003929273084479371,2,0.003929273084479371,0.0
0,0.50,overall,66-67,1,0.0019646365422396855,1,0.0019646365422396855,0.0
0,0.50,train_pool,10-11,16,0.03931203931203931,21,0.0412573673870334,0.0019453280749940904
0,0.50,train_pool,12-13,29,0.07125307125307126,37,0.07269155206286837,0.0014384808097971102
0,0.50,train_pool,14-15,45,0.11056511056511056,57,0.11198428290766209,0.0014191723425515251
0,0.50,train_pool,16-17,30,0.07371007371007371,37,0.07269155206286837,0.0010185216472053393
0,0.50,train_pool,18-19,16,0.03931203931203931,20,0.03929273084479371,1.930846724559898e-05
0,0.50,train_pool,20-21,20,0.04914004914004914,24,0.047151277013752456,0.001988772126296681
0,0.50,train_pool,22-23,18,0.044226044226044224,22,0.043222003929273084,0.00100404029677114
0,0.50,train_pool,24-25,12,0.029484029484029485,15,0.029469548133595286,1.4481350434199236e-05
0,0.50,train_pool,26-27,13,0.03194103194103194,17,0.03339882121807466,0.0014577892770427162
0,0.50,train_pool,28-29,16,0.03931203931203931,21,0.0412573673870334,0.0019453280749940904
0,0.50,train_pool,30-31,9,0.022113022113022112,11,0.021611001964636542,0.00050202014838557
0,0.50,train_pool,32-33,15,0.036855036855036855,18,0.03536345776031434,0.0014915790947225144
0,0.50,train_pool,34-35,18,0.044226044226044224,22,0.043222003929273084,0.00100404029677114
0,0.50,train_pool,36-37,16,0.03931203931203931,20,0.03929273084479371,1.930846724559898e-05
0,0.50,train_pool,38-39,11,0.02702702702702703,13,0.025540275049115914,0.0014867519779111146
0,0.50,train_pool,40-41,11,0.02702702702702703,14,0.0275049115913556,0.0004778845643285713
0,0.50,train_pool,42-43,19,0.04668304668304668,23,0.04518664047151277,0.0014964062115339072
0,0.50,train_pool,44-45,9,0.022113022113022112,12,0.023575638506876228,0.001462616393854116
0,0.50,train_pool,46-47,13,0.03194103194103194,17,0.03339882121807466,0.0014577892770427162
0,0.50,train_pool,48-49,11,0.02702702702702703,14,0.0275049115913556,0.0004778845643285713
0,0.50,train_pool,50,8,0.019656019656019656,10,0.019646365422396856,9.65423362279949e-06
0,0.50,train_pool,51-55,27,0.06633906633906633,33,0.06483300589390963,0.0015060604451567067
0,0.50,train_pool,56-60,23,0.056511056511056514,28,0.0550098231827112,0.0015012333283453139
0,0.50,train_pool,61-65,2,0.004914004914004914,2,0.003929273084479371,0.0009847318295255428
0,0.50,train_pool,66-67,0,0.0,1,0.0019646365422396855,0.0019646365422396855
0,0.50,train_fraction,10-11,8,0.0392156862745098,21,0.0412573673870334,0.002041681112523598
0,0.50,train_fraction,12-13,15,0.07352941176470588,37,0.07269155206286837,0.000837859701837515
0,0.50,train_fraction,14-15,23,0.11274509803921569,57,0.11198428290766209,0.0007608151315535994
0,0.50,train_fraction,16-17,14,0.06862745098039216,37,0.07269155206286837,0.004064101082476207
0,0.50,train_fraction,18-19,8,0.0392156862745098,20,0.03929273084479371,7.704457028390871e-05
0,0.50,train_fraction,20-21,9,0.04411764705882353,24,0.047151277013752456,0.0030336299549289236
0,0.50,train_fraction,22-23,8,0.0392156862745098,22,0.043222003929273084,0.004006317654763281
0,0.50,train_fraction,24-25,7,0.03431372549019608,15,0.029469548133595286,0.004844177356600796
0,0.50,train_fraction,26-27,6,0.029411764705882353,17,0.03339882121807466,0.003987056512192305
0,0.50,train_fraction,28-29,7,0.03431372549019608,21,0.0412573673870334,0.00694364189683732
0,0.50,train_fraction,30-31,5,0.024509803921568627,11,0.021611001964636542,0.002898801956932085
0,0.50,train_fraction,32-33,8,0.0392156862745098,18,0.03536345776031434,0.003852228514195463
0,0.50,train_fraction,34-35,10,0.049019607843137254,22,0.043222003929273084,0.00579760391386417
0,0.50,train_fraction,36-37,9,0.04411764705882353,20,0.03929273084479371,0.00482491621402982
0,0.50,train_fraction,38-39,5,0.024509803921568627,13,0.025540275049115914,0.0010304711275472868
0,0.50,train_fraction,40-41,6,0.029411764705882353,14,0.0275049115913556,0.0019068531145267527
0,0.50,train_fraction,42-43,9,0.04411764705882353,23,0.04518664047151277,0.0010689934126892411
0,0.50,train_fraction,44-45,5,0.024509803921568627,12,0.023575638506876228,0.0009341654146923992
0,0.50,train_fraction,46-47,6,0.029411764705882353,17,0.03339882121807466,0.003987056512192305
0,0.50,train_fraction,48-49,6,0.029411764705882353,14,0.0275049115913556,0.0019068531145267527
0,0.50,train_fraction,50,4,0.0196078431372549,10,0.019646365422396856,3.8522285141954354e-05
0,0.50,train_fraction,51-55,13,0.06372549019607843,33,0.06483300589390963,0.001107515697831199
0,0.50,train_fraction,56-60,11,0.05392156862745098,28,0.0550098231827112,0.0010882545552602166
0,0.50,train_fraction,61-65,2,0.00980392156862745,2,0.003929273084479371,0.00587464848414808
0,0.50,train_fraction,66-67,0,0.0,1,0.0019646365422396855,0.0019646365422396855
0,0.50,val,10-11,5,0.049019607843137254,21,0.0412573673870334,0.007762240456103853
0,0.50,val,12-13,8,0.0784313725490196,37,0.07269155206286837,0.005739820486151237
0,0.50,val,14-15,12,0.11764705882352941,57,0.11198428290766209,0.005662775915867321
0,0.50,val,16-17,7,0.06862745098039216,37,0.07269155206286837,0.004064101082476207
0,0.50,val,18-19,4,0.0392156862745098,20,0.03929273084479371,7.704457028390871e-05
0,0.50,val,20-21,4,0.0392156862745098,24,0.047151277013752456,0.007935590739242653
0,0.50,val,22-23,4,0.0392156862745098,22,0.043222003929273084,0.004006317654763281
0,0.50,val,24-25,3,0.029411764705882353,15,0.029469548133595286,5.7783427712933266e-05
0,0.50,val,26-27,4,0.0392156862745098,17,0.03339882121807466,0.005816865056435146
0,0.50,val,28-29,5,0.049019607843137254,21,0.0412573673870334,0.007762240456103853
0,0.50,val,30-31,2,0.0196078431372549,11,0.021611001964636542,0.0020031588273816403
0,0.50,val,32-33,3,0.029411764705882353,18,0.03536345776031434,0.005951693054431988
0,0.50,val,34-35,4,0.0392156862745098,22,0.043222003929273084,0.004006317654763281
0,0.50,val,36-37,4,0.0392156862745098,20,0.03929273084479371,7.704457028390871e-05
0,0.50,val,38-39,2,0.0196078431372549,13,0.025540275049115914,0.005932431911861012
0,0.50,val,40-41,3,0.029411764705882353,14,0.0275049115913556,0.0019068531145267527
0,0.50,val,42-43,4,0.0392156862745098,23,0.04518664047151277,0.00597095419700297
0,0.50,val,44-45,3,0.029411764705882353,12,0.023575638506876228,0.005836126199006125
0,0.50,val,46-47,4,0.0392156862745098,17,0.03339882121807466,0.005816865056435146
0,0.50,val,48-49,3,0.029411764705882353,14,0.0275049115913556,0.0019068531145267527
0,0.50,val,50,2,0.0196078431372549,10,0.019646365422396856,3.8522285141954354e-05
0,0.50,val,51-55,6,0.058823529411764705,33,0.06483300589390963,0.006009476482144921
0,0.50,val,56-60,5,0.049019607843137254,28,0.0550098231827112,0.0059902153395739455
0,0.50,val,61-65,0,0.0,2,0.003929273084479371,0.003929273084479371
0,0.50,val,66-67,1,0.00980392156862745,1,0.0019646365422396855,0.007839285026387765
0,1.00,overall,10-11,21,0.0412573673870334,21,0.0412573673870334,0.0
0,1.00,overall,12-13,37,0.07269155206286837,37,0.07269155206286837,0.0
0,1.00,overall,14-15,57,0.11198428290766209,57,0.11198428290766209,0.0
0,1.00,overall,16-17,37,0.07269155206286837,37,0.07269155206286837,0.0
0,1.00,overall,18-19,20,0.03929273084479371,20,0.03929273084479371,0.0
0,1.00,overall,20-21,24,0.047151277013752456,24,0.047151277013752456,0.0
0,1.00,overall,22-23,22,0.043222003929273084,22,0.043222003929273084,0.0
0,1.00,overall,24-25,15,0.029469548133595286,15,0.029469548133595286,0.0
0,1.00,overall,26-27,17,0.03339882121807466,17,0.03339882121807466,0.0
0,1.00,overall,28-29,21,0.0412573673870334,21,0.0412573673870334,0.0
0,1.00,overall,30-31,11,0.021611001964636542,11,0.021611001964636542,0.0
0,1.00,overall,32-33,18,0.03536345776031434,18,0.03536345776031434,0.0
0,1.00,overall,34-35,22,0.043222003929273084,22,0.043222003929273084,0.0
0,1.00,overall,36-37,20,0.03929273084479371,20,0.03929273084479371,0.0
0,1.00,overall,38-39,13,0.025540275049115914,13,0.025540275049115914,0.0
0,1.00,overall,40-41,14,0.0275049115913556,14,0.0275049115913556,0.0
0,1.00,overall,42-43,23,0.04518664047151277,23,0.04518664047151277,0.0
0,1.00,overall,44-45,12,0.023575638506876228,12,0.023575638506876228,0.0
0,1.00,overall,46-47,17,0.03339882121807466,17,0.03339882121807466,0.0
0,1.00,overall,48-49,14,0.0275049115913556,14,0.0275049115913556,0.0
0,1.00,overall,50,10,0.019646365422396856,10,0.019646365422396856,0.0
0,1.00,overall,51-55,33,0.06483300589390963,33,0.06483300589390963,0.0
0,1.00,overall,56-60,28,0.0550098231827112,28,0.0550098231827112,0.0
0,1.00,overall,61-65,2,0.003929273084479371,2,0.003929273084479371,0.0
0,1.00,overall,66-67,1,0.0019646365422396855,1,0.0019646365422396855,0.0
0,1.00,train_pool,10-11,16,0.03931203931203931,21,0.0412573673870334,0.0019453280749940904
0,1.00,train_pool,12-13,29,0.07125307125307126,37,0.07269155206286837,0.0014384808097971102
0,1.00,train_pool,14-15,45,0.11056511056511056,57,0.11198428290766209,0.0014191723425515251
0,1.00,train_pool,16-17,30,0.07371007371007371,37,0.07269155206286837,0.0010185216472053393
0,1.00,train_pool,18-19,16,0.03931203931203931,20,0.03929273084479371,1.930846724559898e-05
0,1.00,train_pool,20-21,20,0.04914004914004914,24,0.047151277013752456,0.001988772126296681
0,1.00,train_pool,22-23,18,0.044226044226044224,22,0.043222003929273084,0.00100404029677114
0,1.00,train_pool,24-25,12,0.029484029484029485,15,0.029469548133595286,1.4481350434199236e-05
0,1.00,train_pool,26-27,13,0.03194103194103194,17,0.03339882121807466,0.0014577892770427162
0,1.00,train_pool,28-29,16,0.03931203931203931,21,0.0412573673870334,0.0019453280749940904
0,1.00,train_pool,30-31,9,0.022113022113022112,11,0.021611001964636542,0.00050202014838557
0,1.00,train_pool,32-33,15,0.036855036855036855,18,0.03536345776031434,0.0014915790947225144
0,1.00,train_pool,34-35,18,0.044226044226044224,22,0.043222003929273084,0.00100404029677114
0,1.00,train_pool,36-37,16,0.03931203931203931,20,0.03929273084479371,1.930846724559898e-05
0,1.00,train_pool,38-39,11,0.02702702702702703,13,0.025540275049115914,0.0014867519779111146
0,1.00,train_pool,40-41,11,0.02702702702702703,14,0.0275049115913556,0.0004778845643285713
0,1.00,train_pool,42-43,19,0.04668304668304668,23,0.04518664047151277,0.0014964062115339072
0,1.00,train_pool,44-45,9,0.022113022113022112,12,0.023575638506876228,0.001462616393854116
0,1.00,train_pool,46-47,13,0.03194103194103194,17,0.03339882121807466,0.0014577892770427162
0,1.00,train_pool,48-49,11,0.02702702702702703,14,0.0275049115913556,0.0004778845643285713
0,1.00,train_pool,50,8,0.019656019656019656,10,0.019646365422396856,9.65423362279949e-06
0,1.00,train_pool,51-55,27,0.06633906633906633,33,0.06483300589390963,0.0015060604451567067
0,1.00,train_pool,56-60,23,0.056511056511056514,28,0.0550098231827112,0.0015012333283453139
0,1.00,train_pool,61-65,2,0.004914004914004914,2,0.003929273084479371,0.0009847318295255428
0,1.00,train_pool,66-67,0,0.0,1,0.0019646365422396855,0.0019646365422396855
0,1.00,train_fraction,10-11,16,0.03931203931203931,21,0.0412573673870334,0.0019453280749940904
0,1.00,train_fraction,12-13,29,0.07125307125307126,37,0.07269155206286837,0.0014384808097971102
0,1.00,train_fraction,14-15,45,0.11056511056511056,57,0.11198428290766209,0.0014191723425515251
0,1.00,train_fraction,16-17,30,0.07371007371007371,37,0.07269155206286837,0.0010185216472053393
0,1.00,train_fraction,18-19,16,0.03931203931203931,20,0.03929273084479371,1.930846724559898e-05
0,1.00,train_fraction,20-21,20,0.04914004914004914,24,0.047151277013752456,0.001988772126296681
0,1.00,train_fraction,22-23,18,0.044226044226044224,22,0.043222003929273084,0.00100404029677114
0,1.00,train_fraction,24-25,12,0.029484029484029485,15,0.029469548133595286,1.4481350434199236e-05
0,1.00,train_fraction,26-27,13,0.03194103194103194,17,0.03339882121807466,0.0014577892770427162
0,1.00,train_fraction,28-29,16,0.03931203931203931,21,0.0412573673870334,0.0019453280749940904
0,1.00,train_fraction,30-31,9,0.022113022113022112,11,0.021611001964636542,0.00050202014838557
0,1.00,train_fraction,32-33,15,0.036855036855036855,18,0.03536345776031434,0.0014915790947225144
0,1.00,train_fraction,34-35,18,0.044226044226044224,22,0.043222003929273084,0.00100404029677114
0,1.00,train_fraction,36-37,16,0.03931203931203931,20,0.03929273084479371,1.930846724559898e-05
0,1.00,train_fraction,38-39,11,0.02702702702702703,13,0.025540275049115914,0.0014867519779111146
0,1.00,train_fraction,40-41,11,0.02702702702702703,14,0.0275049115913556,0.0004778845643285713
0,1.00,train_fraction,42-43,19,0.04668304668304668,23,0.04518664047151277,0.0014964062115339072
0,1.00,train_fraction,44-45,9,0.022113022113022112,12,0.023575638506876228,0.001462616393854116
0,1.00,train_fraction,46-47,13,0.03194103194103194,17,0.03339882121807466,0.0014577892770427162
0,1.00,train_fraction,48-49,11,0.02702702702702703,14,0.0275049115913556,0.0004778845643285713
0,1.00,train_fraction,50,8,0.019656019656019656,10,0.019646365422396856,9.65423362279949e-06
0,1.00,train_fraction,51-55,27,0.06633906633906633,33,0.06483300589390963,0.0015060604451567067
0,1.00,train_fraction,56-60,23,0.056511056511056514,28,0.0550098231827112,0.0015012333283453139
0,1.00,train_fraction,61-65,2,0.004914004914004914,2,0.003929273084479371,0.0009847318295255428
0,1.00,train_fraction,66-67,0,0.0,1,0.0019646365422396855,0.0019646365422396855
0,1.00,val,10-11,5,0.049019607843137254,21,0.0412573673870334,0.007762240456103853
0,1.00,val,12-13,8,0.0784313725490196,37,0.07269155206286837,0.005739820486151237
0,1.00,val,14-15,12,0.11764705882352941,57,0.11198428290766209,0.005662775915867321
0,1.00,val,16-17,7,0.06862745098039216,37,0.07269155206286837,0.004064101082476207
0,1.00,val,18-19,4,0.0392156862745098,20,0.03929273084479371,7.704457028390871e-05
0,1.00,val,20-21,4,0.0392156862745098,24,0.047151277013752456,0.007935590739242653
0,1.00,val,22-23,4,0.0392156862745098,22,0.043222003929273084,0.004006317654763281
0,1.00,val,24-25,3,0.029411764705882353,15,0.029469548133595286,5.7783427712933266e-05
0,1.00,val,26-27,4,0.0392156862745098,17,0.03339882121807466,0.005816865056435146
0,1.00,val,28-29,5,0.049019607843137254,21,0.0412573673870334,0.007762240456103853
0,1.00,val,30-31,2,0.0196078431372549,11,0.021611001964636542,0.0020031588273816403
0,1.00,val,32-33,3,0.029411764705882353,18,0.03536345776031434,0.005951693054431988
0,1.00,val,34-35,4,0.0392156862745098,22,0.043222003929273084,0.004006317654763281
0,1.00,val,36-37,4,0.0392156862745098,20,0.03929273084479371,7.704457028390871e-05
0,1.00,val,38-39,2,0.0196078431372549,13,0.025540275049115914,0.005932431911861012
0,1.00,val,40-41,3,0.029411764705882353,14,0.0275049115913556,0.0019068531145267527
0,1.00,val,42-43,4,0.0392156862745098,23,0.04518664047151277,0.00597095419700297
0,1.00,val,44-45,3,0.029411764705882353,12,0.023575638506876228,0.005836126199006125
0,1.00,val,46-47,4,0.0392156862745098,17,0.03339882121807466,0.005816865056435146
0,1.00,val,48-49,3,0.029411764705882353,14,0.0275049115913556,0.0019068531145267527
0,1.00,val,50,2,0.0196078431372549,10,0.019646365422396856,3.8522285141954354e-05
0,1.00,val,51-55,6,0.058823529411764705,33,0.06483300589390963,0.006009476482144921
0,1.00,val,56-60,5,0.049019607843137254,28,0.0550098231827112,0.0059902153395739455
0,1.00,val,61-65,0,0.0,2,0.003929273084479371,0.003929273084479371
0,1.00,val,66-67,1,0.00980392156862745,1,0.0019646365422396855,0.007839285026387765
1,0.01,overall,10-11,21,0.0412573673870334,21,0.0412573673870334,0.0
1,0.01,overall,12-13,37,0.07269155206286837,37,0.07269155206286837,0.0
1,0.01,overall,14-15,57,0.11198428290766209,57,0.11198428290766209,0.0
1,0.01,overall,16-17,37,0.07269155206286837,37,0.07269155206286837,0.0
1,0.01,overall,18-19,20,0.03929273084479371,20,0.03929273084479371,0.0
1,0.01,overall,20-21,24,0.047151277013752456,24,0.047151277013752456,0.0
1,0.01,overall,22-23,22,0.043222003929273084,22,0.043222003929273084,0.0
1,0.01,overall,24-25,15,0.029469548133595286,15,0.029469548133595286,0.0
1,0.01,overall,26-27,17,0.03339882121807466,17,0.03339882121807466,0.0
1,0.01,overall,28-29,21,0.0412573673870334,21,0.0412573673870334,0.0
1,0.01,overall,30-31,11,0.021611001964636542,11,0.021611001964636542,0.0
1,0.01,overall,32-33,18,0.03536345776031434,18,0.03536345776031434,0.0
1,0.01,overall,34-35,22,0.043222003929273084,22,0.043222003929273084,0.0
1,0.01,overall,36-37,20,0.03929273084479371,20,0.03929273084479371,0.0
1,0.01,overall,38-39,13,0.025540275049115914,13,0.025540275049115914,0.0
1,0.01,overall,40-41,14,0.0275049115913556,14,0.0275049115913556,0.0
1,0.01,overall,42-43,23,0.04518664047151277,23,0.04518664047151277,0.0
1,0.01,overall,44-45,12,0.023575638506876228,12,0.023575638506876228,0.0
1,0.01,overall,46-47,17,0.03339882121807466,17,0.03339882121807466,0.0
1,0.01,overall,48-49,14,0.0275049115913556,14,0.0275049115913556,0.0
1,0.01,overall,50,10,0.019646365422396856,10,0.019646365422396856,0.0
1,0.01,overall,51-55,33,0.06483300589390963,33,0.06483300589390963,0.0
1,0.01,overall,56-60,28,0.0550098231827112,28,0.0550098231827112,0.0
1,0.01,overall,61-65,2,0.003929273084479371,2,0.003929273084479371,0.0
1,0.01,overall,66-67,1,0.0019646365422396855,1,0.0019646365422396855,0.0
1,0.01,train_pool,10-11,17,0.04176904176904177,21,0.0412573673870334,0.0005116743820083661
1,0.01,train_pool,12-13,30,0.07371007371007371,37,0.07269155206286837,0.0010185216472053393
1,0.01,train_pool,14-15,45,0.11056511056511056,57,0.11198428290766209,0.0014191723425515251
1,0.01,train_pool,16-17,30,0.07371007371007371,37,0.07269155206286837,0.0010185216472053393
1,0.01,train_pool,18-19,16,0.03931203931203931,20,0.03929273084479371,1.930846724559898e-05
1,0.01,train_pool,20-21,19,0.04668304668304668,24,0.047151277013752456,0.0004682303307057753
1,0.01,train_pool,22-23,18,0.044226044226044224,22,0.043222003929273084,0.00100404029677114
1,0.01,train_pool,24-25,12,0.029484029484029485,15,0.029469548133595286,1.4481350434199236e-05
1,0.01,train_pool,26-27,13,0.03194103194103194,17,0.03339882121807466,0.0014577892770427162
1,0.01,train_pool,28-29,17,0.04176904176904177,21,0.0412573673870334,0.0005116743820083661
1,0.01,train_pool,30-31,9,0.022113022113022112,11,0.021611001964636542,0.00050202014838557
1,0.01,train_pool,32-33,14,0.0343980343980344,18,0.03536345776031434,0.0009654233622799421
1,0.01,train_pool,34-35,17,0.04176904176904177,22,0.043222003929273084,0.0014529621602313164
1,0.01,train_pool,36-37,16,0.03931203931203931,20,0.03929273084479371,1.930846724559898e-05
1,0.01,train_pool,38-39,10,0.02457002457002457,13,0.025540275049115914,0.0009702504790913453
1,0.01,train_pool,40-41,12,0.029484029484029485,14,0.0275049115913556,0.001979117892673885
1,0.01,train_pool,42-43,19,0.04668304668304668,23,0.04518664047151277,0.0014964062115339072
1,0.01,train_pool,44-45,10,0.02457002457002457,12,0.023575638506876228,0.0009943860631483406
1,0.01,train_pool,46-47,14,0.0343980343980344,17,0.03339882121807466,0.0009992131799597403
1,0.01,train_pool,48-49,11,0.02702702702702703,14,0.0275049115913556,0.0004778845643285713
1,0.01,train_pool,50,8,0.019656019656019656,10,0.019646365422396856,9.65423362279949e-06
1,0.01,train_pool,51-55,26,0.06388206388206388,33,0.06483300589390963,0.0009509420118457429
1,0.01,train_pool,56-60,21,0.051597051597051594,28,0.0550098231827112,0.003412771585659606
1,0.01,train_pool,61-65,2,0.004914004914004914,2,0.003929273084479371,0.0009847318295255428
1,0.01,train_pool,66-67,1,0.002457002457002457,1,0.0019646365422396855,0.0004923659147627714
1,0.01,train_fraction,10-11,0,0.0,21,0.0412573673870334,0.0412573673870334
1,0.01,train_fraction,12-13,0,0.0,37,0.07269155206286837,0.07269155206286837
1,0.01,train_fraction,14-15,0,0.0,57,0.11198428290766209,0.11198428290766209
1,0.01,train_fraction,16-17,1,0.25,37,0.07269155206286837,0.17730844793713163
1,0.01,train_fraction,18-19,0,0.0,20,0.03929273084479371,0.03929273084479371
1,0.01,train_fraction,20-21,0,0.0,24,0.047151277013752456,0.047151277013752456
1,0.01,train_fraction,22-23,0,0.0,22,0.043222003929273084,0.043222003929273084
1,0.01,train_fraction,24-25,0,0.0,15,0.029469548133595286,0.029469548133595286
1,0.01,train_fraction,26-27,0,0.0,17,0.03339882121807466,0.03339882121807466
1,0.01,train_fraction,28-29,0,0.0,21,0.0412573673870334,0.0412573673870334
1,0.01,train_fraction,30-31,0,0.0,11,0.021611001964636542,0.021611001964636542
1,0.01,train_fraction,32-33,1,0.25,18,0.03536345776031434,0.21463654223968565
1,0.01,train_fraction,34-35,0,0.0,22,0.043222003929273084,0.043222003929273084
1,0.01,train_fraction,36-37,1,0.25,20,0.03929273084479371,0.2107072691552063
1,0.01,train_fraction,38-39,0,0.0,13,0.025540275049115914,0.025540275049115914
1,0.01,train_fraction,40-41,0,0.0,14,0.0275049115913556,0.0275049115913556
1,0.01,train_fraction,42-43,0,0.0,23,0.04518664047151277,0.04518664047151277
1,0.01,train_fraction,44-45,0,0.0,12,0.023575638506876228,0.023575638506876228
1,0.01,train_fraction,46-47,0,0.0,17,0.03339882121807466,0.03339882121807466
1,0.01,train_fraction,48-49,0,0.0,14,0.0275049115913556,0.0275049115913556
1,0.01,train_fraction,50,0,0.0,10,0.019646365422396856,0.019646365422396856
1,0.01,train_fraction,51-55,1,0.25,33,0.06483300589390963,0.1851669941060904
1,0.01,train_fraction,56-60,0,0.0,28,0.0550098231827112,0.0550098231827112
1,0.01,train_fraction,61-65,0,0.0,2,0.003929273084479371,0.003929273084479371
1,0.01,train_fraction,66-67,0,0.0,1,0.0019646365422396855,0.0019646365422396855
1,0.01,val,10-11,4,0.0392156862745098,21,0.0412573673870334,0.002041681112523598
1,0.01,val,12-13,7,0.06862745098039216,37,0.07269155206286837,0.004064101082476207
1,0.01,val,14-15,12,0.11764705882352941,57,0.11198428290766209,0.005662775915867321
1,0.01,val,16-17,7,0.06862745098039216,37,0.07269155206286837,0.004064101082476207
1,0.01,val,18-19,4,0.0392156862745098,20,0.03929273084479371,7.704457028390871e-05
1,0.01,val,20-21,5,0.049019607843137254,24,0.047151277013752456,0.0018683308293847983
1,0.01,val,22-23,4,0.0392156862745098,22,0.043222003929273084,0.004006317654763281
1,0.01,val,24-25,3,0.029411764705882353,15,0.029469548133595286,5.7783427712933266e-05
1,0.01,val,26-27,4,0.0392156862745098,17,0.03339882121807466,0.005816865056435146
1,0.01,val,28-29,4,0.0392156862745098,21,0.0412573673870334,0.002041681112523598
1,0.01,val,30-31,2,0.0196078431372549,11,0.021611001964636542,0.0020031588273816403
1,0.01,val,32-33,4,0.0392156862745098,18,0.03536345776031434,0.003852228514195463
1,0.01,val,34-35,5,0.049019607843137254,22,0.043222003929273084,0.00579760391386417
1,0.01,val,36-37,4,0.0392156862745098,20,0.03929273084479371,7.704457028390871e-05
1,0.01,val,38-39,3,0.029411764705882353,13,0.025540275049115914,0.0038714896567664386
1,0.01,val,40-41,2,0.0196078431372549,14,0.0275049115913556,0.007897068454100698
1,0.01,val,42-43,4,0.0392156862745098,23,0.04518664047151277,0.00597095419700297
1,0.01,val,44-45,2,0.0196078431372549,12,0.023575638506876228,0.003967795369621326
1,0.01,val,46-47,3,0.029411764705882353,17,0.03339882121807466,0.003987056512192305
1,0.01,val,48-49,3,0.029411764705882353,14,0.0275049115913556,0.0019068531145267527
1,0.01,val,50,2,0.0196078431372549,10,0.019646365422396856,3.8522285141954354e-05
1,0.01,val,51-55,7,0.06862745098039216,33,0.06483300589390963,0.003794445086482537
1,0.01,val,56-60,7,0.06862745098039216,28,0.0550098231827112,0.013617627797680963
1,0.01,val,61-65,0,0.0,2,0.003929273084479371,0.003929273084479371
1,0.01,val,66-67,0,0.0,1,0.0019646365422396855,0.0019646365422396855
1,0.05,overall,10-11,21,0.0412573673870334,21,0.0412573673870334,0.0
1,0.05,overall,12-13,37,0.07269155206286837,37,0.07269155206286837,0.0
1,0.05,overall,14-15,57,0.11198428290766209,57,0.11198428290766209,0.0
1,0.05,overall,16-17,37,0.07269155206286837,37,0.07269155206286837,0.0
1,0.05,overall,18-19,20,0.03929273084479371,20,0.03929273084479371,0.0
1,0.05,overall,20-21,24,0.047151277013752456,24,0.047151277013752456,0.0
1,0.05,overall,22-23,22,0.043222003929273084,22,0.043222003929273084,0.0
1,0.05,overall,24-25,15,0.029469548133595286,15,0.029469548133595286,0.0
1,0.05,overall,26-27,17,0.03339882121807466,17,0.03339882121807466,0.0
1,0.05,overall,28-29,21,0.0412573673870334,21,0.0412573673870334,0.0
1,0.05,overall,30-31,11,0.021611001964636542,11,0.021611001964636542,0.0
1,0.05,overall,32-33,18,0.03536345776031434,18,0.03536345776031434,0.0
1,0.05,overall,34-35,22,0.043222003929273084,22,0.043222003929273084,0.0
1,0.05,overall,36-37,20,0.03929273084479371,20,0.03929273084479371,0.0
1,0.05,overall,38-39,13,0.025540275049115914,13,0.025540275049115914,0.0
1,0.05,overall,40-41,14,0.0275049115913556,14,0.0275049115913556,0.0
1,0.05,overall,42-43,23,0.04518664047151277,23,0.04518664047151277,0.0
1,0.05,overall,44-45,12,0.023575638506876228,12,0.023575638506876228,0.0
1,0.05,overall,46-47,17,0.03339882121807466,17,0.03339882121807466,0.0
1,0.05,overall,48-49,14,0.0275049115913556,14,0.0275049115913556,0.0
1,0.05,overall,50,10,0.019646365422396856,10,0.019646365422396856,0.0
1,0.05,overall,51-55,33,0.06483300589390963,33,0.06483300589390963,0.0
1,0.05,overall,56-60,28,0.0550098231827112,28,0.0550098231827112,0.0
1,0.05,overall,61-65,2,0.003929273084479371,2,0.003929273084479371,0.0
1,0.05,overall,66-67,1,0.0019646365422396855,1,0.0019646365422396855,0.0
1,0.05,train_pool,10-11,17,0.04176904176904177,21,0.0412573673870334,0.0005116743820083661
1,0.05,train_pool,12-13,30,0.07371007371007371,37,0.07269155206286837,0.0010185216472053393
1,0.05,train_pool,14-15,45,0.11056511056511056,57,0.11198428290766209,0.0014191723425515251
1,0.05,train_pool,16-17,30,0.07371007371007371,37,0.07269155206286837,0.0010185216472053393
1,0.05,train_pool,18-19,16,0.03931203931203931,20,0.03929273084479371,1.930846724559898e-05
1,0.05,train_pool,20-21,19,0.04668304668304668,24,0.047151277013752456,0.0004682303307057753
1,0.05,train_pool,22-23,18,0.044226044226044224,22,0.043222003929273084,0.00100404029677114
1,0.05,train_pool,24-25,12,0.029484029484029485,15,0.029469548133595286,1.4481350434199236e-05
1,0.05,train_pool,26-27,13,0.03194103194103194,17,0.03339882121807466,0.0014577892770427162
1,0.05,train_pool,28-29,17,0.04176904176904177,21,0.0412573673870334,0.0005116743820083661
1,0.05,train_pool,30-31,9,0.022113022113022112,11,0.021611001964636542,0.00050202014838557
1,0.05,train_pool,32-33,14,0.0343980343980344,18,0.03536345776031434,0.0009654233622799421
1,0.05,train_pool,34-35,17,0.04176904176904177,22,0.043222003929273084,0.0014529621602313164
1,0.05,train_pool,36-37,16,0.03931203931203931,20,0.03929273084479371,1.930846724559898e-05
1,0.05,train_pool,38-39,10,0.02457002457002457,13,0.025540275049115914,0.0009702504790913453
1,0.05,train_pool,40-41,12,0.029484029484029485,14,0.0275049115913556,0.001979117892673885
1,0.05,train_pool,42-43,19,0.04668304668304668,23,0.04518664047151277,0.0014964062115339072
1,0.05,train_pool,44-45,10,0.02457002457002457,12,0.023575638506876228,0.0009943860631483406
1,0.05,train_pool,46-47,14,0.0343980343980344,17,0.03339882121807466,0.0009992131799597403
1,0.05,train_pool,48-49,11,0.02702702702702703,14,0.0275049115913556,0.0004778845643285713
1,0.05,train_pool,50,8,0.019656019656019656,10,0.019646365422396856,9.65423362279949e-06
1,0.05,train_pool,51-55,26,0.06388206388206388,33,0.06483300589390963,0.0009509420118457429
1,0.05,train_pool,56-60,21,0.051597051597051594,28,0.0550098231827112,0.003412771585659606
1,0.05,train_pool,61-65,2,0.004914004914004914,2,0.003929273084479371,0.0009847318295255428
1,0.05,train_pool,66-67,1,0.002457002457002457,1,0.0019646365422396855,0.0004923659147627714
1,0.05,train_fraction,10-11,0,0.0,21,0.0412573673870334,0.0412573673870334
1,0.05,train_fraction,12-13,1,0.05,37,0.07269155206286837,0.022691552062868367
1,0.05,train_fraction,14-15,3,0.15,57,0.11198428290766209,0.038015717092337906
1,0.05,train_fraction,16-17,2,0.1,37,0.07269155206286837,0.027308447937131636
1,0.05,train_fraction,18-19,0,0.0,20,0.03929273084479371,0.03929273084479371
1,0.05,train_fraction,20-21,1,0.05,24,0.047151277013752456,0.002848722986247547
1,0.05,train_fraction,22-23,1,0.05,22,0.043222003929273084,0.006777996070726919
1,0.05,train_fraction,24-25,1,0.05,15,0.029469548133595286,0.020530451866404717
1,0.05,train_fraction,26-27,1,0.05,17,0.03339882121807466,0.016601178781925345
1,0.05,train_fraction,28-29,1,0.05,21,0.0412573673870334,0.008742632612966601
1,0.05,train_fraction,30-31,0,0.0,11,0.021611001964636542,0.021611001964636542
1,0.05,train_fraction,32-33,0,0.0,18,0.03536345776031434,0.03536345776031434
1,0.05,train_fraction,34-35,0,0.0,22,0.043222003929273084,0.043222003929273084
1,0.05,train_fraction,36-37,2,0.1,20,0.03929273084479371,0.06070726915520629
1,0.05,train_fraction,38-39,0,0.0,13,0.025540275049115914,0.025540275049115914
1,0.05,train_fraction,40-41,0,0.0,14,0.0275049115913556,0.0275049115913556
1,0.05,train_fraction,42-43,2,0.1,23,0.04518664047151277,0.05481335952848723
1,0.05,train_fraction,44-45,0,0.0,12,0.023575638506876228,0.023575638506876228
1,0.05,train_fraction,46-47,2,0.1,17,0.03339882121807466,0.06660117878192534
1,0.05,train_fraction,48-49,1,0.05,14,0.0275049115913556,0.022495088408644403
1,0.05,train_fraction,50,0,0.0,10,0.019646365422396856,0.019646365422396856
1,0.05,train_fraction,51-55,0,0.0,33,0.06483300589390963,0.06483300589390963
1,0.05,train_fraction,56-60,2,0.1,28,0.0550098231827112,0.044990176817288806
1,0.05,train_fraction,61-65,0,0.0,2,0.003929273084479371,0.003929273084479371
1,0.05,train_fraction,66-67,0,0.0,1,0.0019646365422396855,0.0019646365422396855
1,0.05,val,10-11,4,0.0392156862745098,21,0.0412573673870334,0.002041681112523598
1,0.05,val,12-13,7,0.06862745098039216,37,0.07269155206286837,0.004064101082476207
1,0.05,val,14-15,12,0.11764705882352941,57,0.11198428290766209,0.005662775915867321
1,0.05,val,16-17,7,0.06862745098039216,37,0.07269155206286837,0.004064101082476207
1,0.05,val,18-19,4,0.0392156862745098,20,0.03929273084479371,7.704457028390871e-05
1,0.05,val,20-21,5,0.049019607843137254,24,0.047151277013752456,0.0018683308293847983
1,0.05,val,22-23,4,0.0392156862745098,22,0.043222003929273084,0.004006317654763281
1,0.05,val,24-25,3,0.029411764705882353,15,0.029469548133595286,5.7783427712933266e-05
1,0.05,val,26-27,4,0.0392156862745098,17,0.03339882121807466,0.005816865056435146
1,0.05,val,28-29,4,0.0392156862745098,21,0.0412573673870334,0.002041681112523598
1,0.05,val,30-31,2,0.0196078431372549,11,0.021611001964636542,0.0020031588273816403
1,0.05,val,32-33,4,0.0392156862745098,18,0.03536345776031434,0.003852228514195463
1,0.05,val,34-35,5,0.049019607843137254,22,0.043222003929273084,0.00579760391386417
1,0.05,val,36-37,4,0.0392156862745098,20,0.03929273084479371,7.704457028390871e-05
1,0.05,val,38-39,3,0.029411764705882353,13,0.025540275049115914,0.0038714896567664386
1,0.05,val,40-41,2,0.0196078431372549,14,0.0275049115913556,0.007897068454100698
1,0.05,val,42-43,4,0.0392156862745098,23,0.04518664047151277,0.00597095419700297
1,0.05,val,44-45,2,0.0196078431372549,12,0.023575638506876228,0.003967795369621326
1,0.05,val,46-47,3,0.029411764705882353,17,0.03339882121807466,0.003987056512192305
1,0.05,val,48-49,3,0.029411764705882353,14,0.0275049115913556,0.0019068531145267527
1,0.05,val,50,2,0.0196078431372549,10,0.019646365422396856,3.8522285141954354e-05
1,0.05,val,51-55,7,0.06862745098039216,33,0.06483300589390963,0.003794445086482537
1,0.05,val,56-60,7,0.06862745098039216,28,0.0550098231827112,0.013617627797680963
1,0.05,val,61-65,0,0.0,2,0.003929273084479371,0.003929273084479371
1,0.05,val,66-67,0,0.0,1,0.0019646365422396855,0.0019646365422396855
1,0.10,overall,10-11,21,0.0412573673870334,21,0.0412573673870334,0.0
1,0.10,overall,12-13,37,0.07269155206286837,37,0.07269155206286837,0.0
1,0.10,overall,14-15,57,0.11198428290766209,57,0.11198428290766209,0.0
1,0.10,overall,16-17,37,0.07269155206286837,37,0.07269155206286837,0.0
1,0.10,overall,18-19,20,0.03929273084479371,20,0.03929273084479371,0.0
1,0.10,overall,20-21,24,0.047151277013752456,24,0.047151277013752456,0.0
1,0.10,overall,22-23,22,0.043222003929273084,22,0.043222003929273084,0.0
1,0.10,overall,24-25,15,0.029469548133595286,15,0.029469548133595286,0.0
1,0.10,overall,26-27,17,0.03339882121807466,17,0.03339882121807466,0.0
1,0.10,overall,28-29,21,0.0412573673870334,21,0.0412573673870334,0.0
1,0.10,overall,30-31,11,0.021611001964636542,11,0.021611001964636542,0.0
1,0.10,overall,32-33,18,0.03536345776031434,18,0.03536345776031434,0.0
1,0.10,overall,34-35,22,0.043222003929273084,22,0.043222003929273084,0.0
1,0.10,overall,36-37,20,0.03929273084479371,20,0.03929273084479371,0.0
1,0.10,overall,38-39,13,0.025540275049115914,13,0.025540275049115914,0.0
1,0.10,overall,40-41,14,0.0275049115913556,14,0.0275049115913556,0.0
1,0.10,overall,42-43,23,0.04518664047151277,23,0.04518664047151277,0.0
1,0.10,overall,44-45,12,0.023575638506876228,12,0.023575638506876228,0.0
1,0.10,overall,46-47,17,0.03339882121807466,17,0.03339882121807466,0.0
1,0.10,overall,48-49,14,0.0275049115913556,14,0.0275049115913556,0.0
1,0.10,overall,50,10,0.019646365422396856,10,0.019646365422396856,0.0
1,0.10,overall,51-55,33,0.06483300589390963,33,0.06483300589390963,0.0
1,0.10,overall,56-60,28,0.0550098231827112,28,0.0550098231827112,0.0
1,0.10,overall,61-65,2,0.003929273084479371,2,0.003929273084479371,0.0
1,0.10,overall,66-67,1,0.0019646365422396855,1,0.0019646365422396855,0.0
1,0.10,train_pool,10-11,17,0.04176904176904177,21,0.0412573673870334,0.0005116743820083661
1,0.10,train_pool,12-13,30,0.07371007371007371,37,0.07269155206286837,0.0010185216472053393
1,0.10,train_pool,14-15,45,0.11056511056511056,57,0.11198428290766209,0.0014191723425515251
1,0.10,train_pool,16-17,30,0.07371007371007371,37,0.07269155206286837,0.0010185216472053393
1,0.10,train_pool,18-19,16,0.03931203931203931,20,0.03929273084479371,1.930846724559898e-05
1,0.10,train_pool,20-21,19,0.04668304668304668,24,0.047151277013752456,0.0004682303307057753
1,0.10,train_pool,22-23,18,0.044226044226044224,22,0.043222003929273084,0.00100404029677114
1,0.10,train_pool,24-25,12,0.029484029484029485,15,0.029469548133595286,1.4481350434199236e-05
1,0.10,train_pool,26-27,13,0.03194103194103194,17,0.03339882121807466,0.0014577892770427162
1,0.10,train_pool,28-29,17,0.04176904176904177,21,0.0412573673870334,0.0005116743820083661
1,0.10,train_pool,30-31,9,0.022113022113022112,11,0.021611001964636542,0.00050202014838557
1,0.10,train_pool,32-33,14,0.0343980343980344,18,0.03536345776031434,0.0009654233622799421
1,0.10,train_pool,34-35,17,0.04176904176904177,22,0.043222003929273084,0.0014529621602313164
1,0.10,train_pool,36-37,16,0.03931203931203931,20,0.03929273084479371,1.930846724559898e-05
1,0.10,train_pool,38-39,10,0.02457002457002457,13,0.025540275049115914,0.0009702504790913453
1,0.10,train_pool,40-41,12,0.029484029484029485,14,0.0275049115913556,0.001979117892673885
1,0.10,train_pool,42-43,19,0.04668304668304668,23,0.04518664047151277,0.0014964062115339072
1,0.10,train_pool,44-45,10,0.02457002457002457,12,0.023575638506876228,0.0009943860631483406
1,0.10,train_pool,46-47,14,0.0343980343980344,17,0.03339882121807466,0.0009992131799597403
1,0.10,train_pool,48-49,11,0.02702702702702703,14,0.0275049115913556,0.0004778845643285713
1,0.10,train_pool,50,8,0.019656019656019656,10,0.019646365422396856,9.65423362279949e-06
1,0.10,train_pool,51-55,26,0.06388206388206388,33,0.06483300589390963,0.0009509420118457429
1,0.10,train_pool,56-60,21,0.051597051597051594,28,0.0550098231827112,0.003412771585659606
1,0.10,train_pool,61-65,2,0.004914004914004914,2,0.003929273084479371,0.0009847318295255428
1,0.10,train_pool,66-67,1,0.002457002457002457,1,0.0019646365422396855,0.0004923659147627714
1,0.10,train_fraction,10-11,2,0.04878048780487805,21,0.0412573673870334,0.007523120417844649
1,0.10,train_fraction,12-13,3,0.07317073170731707,37,0.07269155206286837,0.000479179644448699
1,0.10,train_fraction,14-15,4,0.0975609756097561,57,0.11198428290766209,0.014423307297905988
1,0.10,train_fraction,16-17,3,0.07317073170731707,37,0.07269155206286837,0.000479179644448699
1,0.10,train_fraction,18-19,1,0.024390243902439025,20,0.03929273084479371,0.014902486942354687
1,0.10,train_fraction,20-21,2,0.04878048780487805,24,0.047151277013752456,0.0016292107911255946
1,0.10,train_fraction,22-23,2,0.04878048780487805,22,0.043222003929273084,0.0055584838756049665
1,0.10,train_fraction,24-25,1,0.024390243902439025,15,0.029469548133595286,0.0050793042311562606
1,0.10,train_fraction,26-27,1,0.024390243902439025,17,0.03339882121807466,0.009008577315635632
1,0.10,train_fraction,28-29,2,0.04878048780487805,21,0.0412573673870334,0.007523120417844649
1,0.10,train_fraction,30-31,1,0.024390243902439025,11,0.021611001964636542,0.0027792419378024832
1,0.10,train_fraction,32-33,1,0.024390243902439025,18,0.03536345776031434,0.010973213857875315
1,0.10,train_fraction,34-35,2,0.04878048780487805,22,0.043222003929273084,0.0055584838756049665
1,0.10,train_fraction,36-37,1,0.024390243902439025,20,0.03929273084479371,0.014902486942354687
1,0.10,train_fraction,38-39,1,0.024390243902439025,13,0.025540275049115914,0.0011500311466768887
1,0.10,train_fraction,40-41,1,0.024390243902439025,14,0.0275049115913556,0.0031146676889165746
1,0.10,train_fraction,42-43,2,0.04878048780487805,23,0.04518664047151277,0.003593847333365277
1,0.10,train_fraction,44-45,1,0.024390243902439025,12,0.023575638506876228,0.0008146053955627973
1,0.10,train_fraction,46-47,1,0.024390243902439025,17,0.03339882121807466,0.009008577315635632
1,0.10,train_fraction,48-49,1,0.024390243902439025,14,0.0275049115913556,0.0031146676889165746
1,0.10,train_fraction,50,1,0.024390243902439025,10,0.019646365422396856,0.004743878480042169
1,0.10,train_fraction,51-55,3,0.07317073170731707,33,0.06483300589390963,0.008337725813407443
1,0.10,train_fraction,56-60,2,0.04878048780487805,28,0.0550098231827112,0.006229335377833149
1,0.10,train_fraction,61-65,1,0.024390243902439025,2,0.003929273084479371,0.020460970817959653
1,0.10,train_fraction,66-67,1,0.024390243902439025,1,0.0019646365422396855,0.02242560736019934
1,0.10,val,10-11,4,0.0392156862745098,21,0.0412573673870334,0.002041681112523598
1,0.10,val,12-13,7,0.06862745098039216,37,0.07269155206286837,0.004064101082476207
1,0.10,val,14-15,12,0.11764705882352941,57,0.11198428290766209,0.005662775915867321
1,0.10,val,16-17,7,0.06862745098039216,37,0.07269155206286837,0.004064101082476207
1,0.10,val,18-19,4,0.0392156862745098,20,0.03929273084479371,7.704457028390871e-05
1,0.10,val,20-21,5,0.049019607843137254,24,0.047151277013752456,0.0018683308293847983
1,0.10,val,22-23,4,0.0392156862745098,22,0.043222003929273084,0.004006317654763281
1,0.10,val,24-25,3,0.029411764705882353,15,0.029469548133595286,5.7783427712933266e-05
1,0.10,val,26-27,4,0.0392156862745098,17,0.03339882121807466,0.005816865056435146
1,0.10,val,28-29,4,0.0392156862745098,21,0.0412573673870334,0.002041681112523598
1,0.10,val,30-31,2,0.0196078431372549,11,0.021611001964636542,0.0020031588273816403
1,0.10,val,32-33,4,0.0392156862745098,18,0.03536345776031434,0.003852228514195463
1,0.10,val,34-35,5,0.049019607843137254,22,0.043222003929273084,0.00579760391386417
1,0.10,val,36-37,4,0.0392156862745098,20,0.03929273084479371,7.704457028390871e-05
1,0.10,val,38-39,3,0.029411764705882353,13,0.025540275049115914,0.0038714896567664386
1,0.10,val,40-41,2,0.0196078431372549,14,0.0275049115913556,0.007897068454100698
1,0.10,val,42-43,4,0.0392156862745098,23,0.04518664047151277,0.00597095419700297
1,0.10,val,44-45,2,0.0196078431372549,12,0.023575638506876228,0.003967795369621326
1,0.10,val,46-47,3,0.029411764705882353,17,0.03339882121807466,0.003987056512192305
1,0.10,val,48-49,3,0.029411764705882353,14,0.0275049115913556,0.0019068531145267527
1,0.10,val,50,2,0.0196078431372549,10,0.019646365422396856,3.8522285141954354e-05
1,0.10,val,51-55,7,0.06862745098039216,33,0.06483300589390963,0.003794445086482537
1,0.10,val,56-60,7,0.06862745098039216,28,0.0550098231827112,0.013617627797680963
1,0.10,val,61-65,0,0.0,2,0.003929273084479371,0.003929273084479371
1,0.10,val,66-67,0,0.0,1,0.0019646365422396855,0.0019646365422396855
1,0.25,overall,10-11,21,0.0412573673870334,21,0.0412573673870334,0.0
1,0.25,overall,12-13,37,0.07269155206286837,37,0.07269155206286837,0.0
1,0.25,overall,14-15,57,0.11198428290766209,57,0.11198428290766209,0.0
1,0.25,overall,16-17,37,0.07269155206286837,37,0.07269155206286837,0.0
1,0.25,overall,18-19,20,0.03929273084479371,20,0.03929273084479371,0.0
1,0.25,overall,20-21,24,0.047151277013752456,24,0.047151277013752456,0.0
1,0.25,overall,22-23,22,0.043222003929273084,22,0.043222003929273084,0.0
1,0.25,overall,24-25,15,0.029469548133595286,15,0.029469548133595286,0.0
1,0.25,overall,26-27,17,0.03339882121807466,17,0.03339882121807466,0.0
1,0.25,overall,28-29,21,0.0412573673870334,21,0.0412573673870334,0.0
1,0.25,overall,30-31,11,0.021611001964636542,11,0.021611001964636542,0.0
1,0.25,overall,32-33,18,0.03536345776031434,18,0.03536345776031434,0.0
1,0.25,overall,34-35,22,0.043222003929273084,22,0.043222003929273084,0.0
1,0.25,overall,36-37,20,0.03929273084479371,20,0.03929273084479371,0.0
1,0.25,overall,38-39,13,0.025540275049115914,13,0.025540275049115914,0.0
1,0.25,overall,40-41,14,0.0275049115913556,14,0.0275049115913556,0.0
1,0.25,overall,42-43,23,0.04518664047151277,23,0.04518664047151277,0.0
1,0.25,overall,44-45,12,0.023575638506876228,12,0.023575638506876228,0.0
1,0.25,overall,46-47,17,0.03339882121807466,17,0.03339882121807466,0.0
1,0.25,overall,48-49,14,0.0275049115913556,14,0.0275049115913556,0.0
1,0.25,overall,50,10,0.019646365422396856,10,0.019646365422396856,0.0
1,0.25,overall,51-55,33,0.06483300589390963,33,0.06483300589390963,0.0
1,0.25,overall,56-60,28,0.0550098231827112,28,0.0550098231827112,0.0
1,0.25,overall,61-65,2,0.003929273084479371,2,0.003929273084479371,0.0
1,0.25,overall,66-67,1,0.0019646365422396855,1,0.0019646365422396855,0.0
1,0.25,train_pool,10-11,17,0.04176904176904177,21,0.0412573673870334,0.0005116743820083661
1,0.25,train_pool,12-13,30,0.07371007371007371,37,0.07269155206286837,0.0010185216472053393
1,0.25,train_pool,14-15,45,0.11056511056511056,57,0.11198428290766209,0.0014191723425515251
1,0.25,train_pool,16-17,30,0.07371007371007371,37,0.07269155206286837,0.0010185216472053393
1,0.25,train_pool,18-19,16,0.03931203931203931,20,0.03929273084479371,1.930846724559898e-05
1,0.25,train_pool,20-21,19,0.04668304668304668,24,0.047151277013752456,0.0004682303307057753
1,0.25,train_pool,22-23,18,0.044226044226044224,22,0.043222003929273084,0.00100404029677114
1,0.25,train_pool,24-25,12,0.029484029484029485,15,0.029469548133595286,1.4481350434199236e-05
1,0.25,train_pool,26-27,13,0.03194103194103194,17,0.03339882121807466,0.0014577892770427162
1,0.25,train_pool,28-29,17,0.04176904176904177,21,0.0412573673870334,0.0005116743820083661
1,0.25,train_pool,30-31,9,0.022113022113022112,11,0.021611001964636542,0.00050202014838557
1,0.25,train_pool,32-33,14,0.0343980343980344,18,0.03536345776031434,0.0009654233622799421
1,0.25,train_pool,34-35,17,0.04176904176904177,22,0.043222003929273084,0.0014529621602313164
1,0.25,train_pool,36-37,16,0.03931203931203931,20,0.03929273084479371,1.930846724559898e-05
1,0.25,train_pool,38-39,10,0.02457002457002457,13,0.025540275049115914,0.0009702504790913453
1,0.25,train_pool,40-41,12,0.029484029484029485,14,0.0275049115913556,0.001979117892673885
1,0.25,train_pool,42-43,19,0.04668304668304668,23,0.04518664047151277,0.0014964062115339072
1,0.25,train_pool,44-45,10,0.02457002457002457,12,0.023575638506876228,0.0009943860631483406
1,0.25,train_pool,46-47,14,0.0343980343980344,17,0.03339882121807466,0.0009992131799597403
1,0.25,train_pool,48-49,11,0.02702702702702703,14,0.0275049115913556,0.0004778845643285713
1,0.25,train_pool,50,8,0.019656019656019656,10,0.019646365422396856,9.65423362279949e-06
1,0.25,train_pool,51-55,26,0.06388206388206388,33,0.06483300589390963,0.0009509420118457429
1,0.25,train_pool,56-60,21,0.051597051597051594,28,0.0550098231827112,0.003412771585659606
1,0.25,train_pool,61-65,2,0.004914004914004914,2,0.003929273084479371,0.0009847318295255428
1,0.25,train_pool,66-67,1,0.002457002457002457,1,0.0019646365422396855,0.0004923659147627714
1,0.25,train_fraction,10-11,4,0.0392156862745098,21,0.0412573673870334,0.002041681112523598
1,0.25,train_fraction,12-13,7,0.06862745098039216,37,0.07269155206286837,0.004064101082476207
1,0.25,train_fraction,14-15,10,0.09803921568627451,57,0.11198428290766209,0.01394506722138758
1,0.25,train_fraction,16-17,6,0.058823529411764705,37,0.07269155206286837,0.013868022651103665
1,0.25,train_fraction,18-19,4,0.0392156862745098,20,0.03929273084479371,7.704457028390871e-05
1,0.25,train_fraction,20-21,3,0.029411764705882353,24,0.047151277013752456,0.017739512307870103
1,0.25,train_fraction,22-23,4,0.0392156862745098,22,0.043222003929273084,0.004006317654763281
1,0.25,train_fraction,24-25,4,0.0392156862745098,15,0.029469548133595286,0.009746138140914518
1,0.25,train_fraction,26-27,4,0.0392156862745098,17,0.03339882121807466,0.005816865056435146
1,0.25,train_fraction,28-29,3,0.029411764705882353,21,0.0412573673870334,0.011845602681151049
1,0.25,train_fraction,30-31,2,0.0196078431372549,11,0.021611001964636542,0.0020031588273816403
1,0.25,train_fraction,32-33,3,0.029411764705882353,18,0.03536345776031434,0.005951693054431988
1,0.25,train_fraction,34-35,5,0.049019607843137254,22,0.043222003929273084,0.00579760391386417
1,0.25,train_fraction,36-37,4,0.0392156862745098,20,0.03929273084479371,7.704457028390871e-05
1,0.25,train_fraction,38-39,2,0.0196078431372549,13,0.025540275049115914,0.005932431911861012
1,0.25,train_fraction,40-41,3,0.029411764705882353,14,0.0275049115913556,0.0019068531145267527
1,0.25,train_fraction,42-43,5,0.049019607843137254,23,0.04518664047151277,0.003832967371624481
1,0.25,train_fraction,44-45,3,0.029411764705882353,12,0.023575638506876228,0.005836126199006125
1,0.25,train_fraction,46-47,4,0.0392156862745098,17,0.03339882121807466,0.005816865056435146
1,0.25,train_fraction,48-49,4,0.0392156862745098,14,0.0275049115913556,0.011710774683154204
1,0.25,train_fraction,50,3,0.029411764705882353,10,0.019646365422396856,0.009765399283485496
1,0.25,train_fraction,51-55,6,0.058823529411764705,33,0.06483300589390963,0.006009476482144921
1,0.25,train_fraction,56-60,6,0.058823529411764705,28,0.0550098231827112,0.0038137062290535054
1,0.25,train_fraction,61-65,2,0.0196078431372549,2,0.003929273084479371,0.01567857005277553
1,0.25,train_fraction,66-67,1,0.00980392156862745,1,0.0019646365422396855,0.007839285026387765
1,0.25,val,10-11,4,0.0392156862745098,21,0.0412573673870334,0.002041681112523598
1,0.25,val,12-13,7,0.06862745098039216,37,0.07269155206286837,0.004064101082476207
1,0.25,val,14-15,12,0.11764705882352941,57,0.11198428290766209,0.005662775915867321
1,0.25,val,16-17,7,0.06862745098039216,37,0.07269155206286837,0.004064101082476207
1,0.25,val,18-19,4,0.0392156862745098,20,0.03929273084479371,7.704457028390871e-05
1,0.25,val,20-21,5,0.049019607843137254,24,0.047151277013752456,0.0018683308293847983
1,0.25,val,22-23,4,0.0392156862745098,22,0.043222003929273084,0.004006317654763281
1,0.25,val,24-25,3,0.029411764705882353,15,0.029469548133595286,5.7783427712933266e-05
1,0.25,val,26-27,4,0.0392156862745098,17,0.03339882121807466,0.005816865056435146
1,0.25,val,28-29,4,0.0392156862745098,21,0.0412573673870334,0.002041681112523598
1,0.25,val,30-31,2,0.0196078431372549,11,0.021611001964636542,0.0020031588273816403
1,0.25,val,32-33,4,0.0392156862745098,18,0.03536345776031434,0.003852228514195463
1,0.25,val,34-35,5,0.049019607843137254,22,0.043222003929273084,0.00579760391386417
1,0.25,val,36-37,4,0.0392156862745098,20,0.03929273084479371,7.704457028390871e-05
1,0.25,val,38-39,3,0.029411764705882353,13,0.025540275049115914,0.0038714896567664386
1,0.25,val,40-41,2,0.0196078431372549,14,0.0275049115913556,0.007897068454100698
1,0.25,val,42-43,4,0.0392156862745098,23,0.04518664047151277,0.00597095419700297
1,0.25,val,44-45,2,0.0196078431372549,12,0.023575638506876228,0.003967795369621326
1,0.25,val,46-47,3,0.029411764705882353,17,0.03339882121807466,0.003987056512192305
1,0.25,val,48-49,3,0.029411764705882353,14,0.0275049115913556,0.0019068531145267527
1,0.25,val,50,2,0.0196078431372549,10,0.019646365422396856,3.8522285141954354e-05
1,0.25,val,51-55,7,0.06862745098039216,33,0.06483300589390963,0.003794445086482537
1,0.25,val,56-60,7,0.06862745098039216,28,0.0550098231827112,0.013617627797680963
1,0.25,val,61-65,0,0.0,2,0.003929273084479371,0.003929273084479371
1,0.25,val,66-67,0,0.0,1,0.0019646365422396855,0.0019646365422396855
1,0.50,overall,10-11,21,0.0412573673870334,21,0.0412573673870334,0.0
1,0.50,overall,12-13,37,0.07269155206286837,37,0.07269155206286837,0.0
1,0.50,overall,14-15,57,0.11198428290766209,57,0.11198428290766209,0.0
1,0.50,overall,16-17,37,0.07269155206286837,37,0.07269155206286837,0.0
1,0.50,overall,18-19,20,0.03929273084479371,20,0.03929273084479371,0.0
1,0.50,overall,20-21,24,0.047151277013752456,24,0.047151277013752456,0.0
1,0.50,overall,22-23,22,0.043222003929273084,22,0.043222003929273084,0.0
1,0.50,overall,24-25,15,0.029469548133595286,15,0.029469548133595286,0.0
1,0.50,overall,26-27,17,0.03339882121807466,17,0.03339882121807466,0.0
1,0.50,overall,28-29,21,0.0412573673870334,21,0.0412573673870334,0.0
1,0.50,overall,30-31,11,0.021611001964636542,11,0.021611001964636542,0.0
1,0.50,overall,32-33,18,0.03536345776031434,18,0.03536345776031434,0.0
1,0.50,overall,34-35,22,0.043222003929273084,22,0.043222003929273084,0.0
1,0.50,overall,36-37,20,0.03929273084479371,20,0.03929273084479371,0.0
1,0.50,overall,38-39,13,0.025540275049115914,13,0.025540275049115914,0.0
1,0.50,overall,40-41,14,0.0275049115913556,14,0.0275049115913556,0.0
1,0.50,overall,42-43,23,0.04518664047151277,23,0.04518664047151277,0.0
1,0.50,overall,44-45,12,0.023575638506876228,12,0.023575638506876228,0.0
1,0.50,overall,46-47,17,0.03339882121807466,17,0.03339882121807466,0.0
1,0.50,overall,48-49,14,0.0275049115913556,14,0.0275049115913556,0.0
1,0.50,overall,50,10,0.019646365422396856,10,0.019646365422396856,0.0
1,0.50,overall,51-55,33,0.06483300589390963,33,0.06483300589390963,0.0
1,0.50,overall,56-60,28,0.0550098231827112,28,0.0550098231827112,0.0
1,0.50,overall,61-65,2,0.003929273084479371,2,0.003929273084479371,0.0
1,0.50,overall,66-67,1,0.0019646365422396855,1,0.0019646365422396855,0.0
1,0.50,train_pool,10-11,17,0.04176904176904177,21,0.0412573673870334,0.0005116743820083661
1,0.50,train_pool,12-13,30,0.07371007371007371,37,0.07269155206286837,0.0010185216472053393
1,0.50,train_pool,14-15,45,0.11056511056511056,57,0.11198428290766209,0.0014191723425515251
1,0.50,train_pool,16-17,30,0.07371007371007371,37,0.07269155206286837,0.0010185216472053393
1,0.50,train_pool,18-19,16,0.03931203931203931,20,0.03929273084479371,1.930846724559898e-05
1,0.50,train_pool,20-21,19,0.04668304668304668,24,0.047151277013752456,0.0004682303307057753
1,0.50,train_pool,22-23,18,0.044226044226044224,22,0.043222003929273084,0.00100404029677114
1,0.50,train_pool,24-25,12,0.029484029484029485,15,0.029469548133595286,1.4481350434199236e-05
1,0.50,train_pool,26-27,13,0.03194103194103194,17,0.03339882121807466,0.0014577892770427162
1,0.50,train_pool,28-29,17,0.04176904176904177,21,0.0412573673870334,0.0005116743820083661
1,0.50,train_pool,30-31,9,0.022113022113022112,11,0.021611001964636542,0.00050202014838557
1,0.50,train_pool,32-33,14,0.0343980343980344,18,0.03536345776031434,0.0009654233622799421
1,0.50,train_pool,34-35,17,0.04176904176904177,22,0.043222003929273084,0.0014529621602313164
1,0.50,train_pool,36-37,16,0.03931203931203931,20,0.03929273084479371,1.930846724559898e-05
1,0.50,train_pool,38-39,10,0.02457002457002457,13,0.025540275049115914,0.0009702504790913453
1,0.50,train_pool,40-41,12,0.029484029484029485,14,0.0275049115913556,0.001979117892673885
1,0.50,train_pool,42-43,19,0.04668304668304668,23,0.04518664047151277,0.0014964062115339072
1,0.50,train_pool,44-45,10,0.02457002457002457,12,0.023575638506876228,0.0009943860631483406
1,0.50,train_pool,46-47,14,0.0343980343980344,17,0.03339882121807466,0.0009992131799597403
1,0.50,train_pool,48-49,11,0.02702702702702703,14,0.0275049115913556,0.0004778845643285713
1,0.50,train_pool,50,8,0.019656019656019656,10,0.019646365422396856,9.65423362279949e-06
1,0.50,train_pool,51-55,26,0.06388206388206388,33,0.06483300589390963,0.0009509420118457429
1,0.50,train_pool,56-60,21,0.051597051597051594,28,0.0550098231827112,0.003412771585659606
1,0.50,train_pool,61-65,2,0.004914004914004914,2,0.003929273084479371,0.0009847318295255428
1,0.50,train_pool,66-67,1,0.002457002457002457,1,0.0019646365422396855,0.0004923659147627714
1,0.50,train_fraction,10-11,7,0.03431372549019608,21,0.0412573673870334,0.00694364189683732
1,0.50,train_fraction,12-13,15,0.07352941176470588,37,0.07269155206286837,0.000837859701837515
1,0.50,train_fraction,14-15,24,0.11764705882352941,57,0.11198428290766209,0.005662775915867321
1,0.50,train_fraction,16-17,15,0.07352941176470588,37,0.07269155206286837,0.000837859701837515
1,0.50,train_fraction,18-19,7,0.03431372549019608,20,0.03929273084479371,0.004979005354597631
1,0.50,train_fraction,20-21,9,0.04411764705882353,24,0.047151277013752456,0.0030336299549289236
1,0.50,train_fraction,22-23,8,0.0392156862745098,22,0.043222003929273084,0.004006317654763281
1,0.50,train_fraction,24-25,6,0.029411764705882353,15,0.029469548133595286,5.7783427712933266e-05
1,0.50,train_fraction,26-27,6,0.029411764705882353,17,0.03339882121807466,0.003987056512192305
1,0.50,train_fraction,28-29,8,0.0392156862745098,21,0.0412573673870334,0.002041681112523598
1,0.50,train_fraction,30-31,5,0.024509803921568627,11,0.021611001964636542,0.002898801956932085
1,0.50,train_fraction,32-33,8,0.0392156862745098,18,0.03536345776031434,0.003852228514195463
1,0.50,train_fraction,34-35,8,0.0392156862745098,22,0.043222003929273084,0.004006317654763281
1,0.50,train_fraction,36-37,8,0.0392156862745098,20,0.03929273084479371,7.704457028390871e-05
1,0.50,train_fraction,38-39,5,0.024509803921568627,13,0.025540275049115914,0.0010304711275472868
1,0.50,train_fraction,40-41,6,0.029411764705882353,14,0.0275049115913556,0.0019068531145267527
1,0.50,train_fraction,42-43,10,0.049019607843137254,23,0.04518664047151277,0.003832967371624481
1,0.50,train_fraction,44-45,6,0.029411764705882353,12,0.023575638506876228,0.005836126199006125
1,0.50,train_fraction,46-47,6,0.029411764705882353,17,0.03339882121807466,0.003987056512192305
1,0.50,train_fraction,48-49,6,0.029411764705882353,14,0.0275049115913556,0.0019068531145267527
1,0.50,train_fraction,50,5,0.024509803921568627,10,0.019646365422396856,0.004863438499171771
1,0.50,train_fraction,51-55,12,0.058823529411764705,33,0.06483300589390963,0.006009476482144921
1,0.50,train_fraction,56-60,11,0.05392156862745098,28,0.0550098231827112,0.0010882545552602166
1,0.50,train_fraction,61-65,2,0.00980392156862745,2,0.003929273084479371,0.00587464848414808
1,0.50,train_fraction,66-67,1,0.004901960784313725,1,0.0019646365422396855,0.00293732424207404
1,0.50,val,10-11,4,0.0392156862745098,21,0.0412573673870334,0.002041681112523598
1,0.50,val,12-13,7,0.06862745098039216,37,0.07269155206286837,0.004064101082476207
1,0.50,val,14-15,12,0.11764705882352941,57,0.11198428290766209,0.005662775915867321
1,0.50,val,16-17,7,0.06862745098039216,37,0.07269155206286837,0.004064101082476207
1,0.50,val,18-19,4,0.0392156862745098,20,0.03929273084479371,7.704457028390871e-05
1,0.50,val,20-21,5,0.049019607843137254,24,0.047151277013752456,0.0018683308293847983
1,0.50,val,22-23,4,0.0392156862745098,22,0.043222003929273084,0.004006317654763281
1,0.50,val,24-25,3,0.029411764705882353,15,0.029469548133595286,5.7783427712933266e-05
1,0.50,val,26-27,4,0.0392156862745098,17,0.03339882121807466,0.005816865056435146
1,0.50,val,28-29,4,0.0392156862745098,21,0.0412573673870334,0.002041681112523598
1,0.50,val,30-31,2,0.0196078431372549,11,0.021611001964636542,0.0020031588273816403
1,0.50,val,32-33,4,0.0392156862745098,18,0.03536345776031434,0.003852228514195463
1,0.50,val,34-35,5,0.049019607843137254,22,0.043222003929273084,0.00579760391386417
1,0.50,val,36-37,4,0.0392156862745098,20,0.03929273084479371,7.704457028390871e-05
1,0.50,val,38-39,3,0.029411764705882353,13,0.025540275049115914,0.0038714896567664386
1,0.50,val,40-41,2,0.0196078431372549,14,0.0275049115913556,0.007897068454100698
1,0.50,val,42-43,4,0.0392156862745098,23,0.04518664047151277,0.00597095419700297
1,0.50,val,44-45,2,0.0196078431372549,12,0.023575638506876228,0.003967795369621326
1,0.50,val,46-47,3,0.029411764705882353,17,0.03339882121807466,0.003987056512192305
1,0.50,val,48-49,3,0.029411764705882353,14,0.0275049115913556,0.0019068531145267527
1,0.50,val,50,2,0.0196078431372549,10,0.019646365422396856,3.8522285141954354e-05
1,0.50,val,51-55,7,0.06862745098039216,33,0.06483300589390963,0.003794445086482537
1,0.50,val,56-60,7,0.06862745098039216,28,0.0550098231827112,0.013617627797680963
1,0.50,val,61-65,0,0.0,2,0.003929273084479371,0.003929273084479371
1,0.50,val,66-67,0,0.0,1,0.0019646365422396855,0.0019646365422396855
1,1.00,overall,10-11,21,0.0412573673870334,21,0.0412573673870334,0.0
1,1.00,overall,12-13,37,0.07269155206286837,37,0.07269155206286837,0.0
1,1.00,overall,14-15,57,0.11198428290766209,57,0.11198428290766209,0.0
1,1.00,overall,16-17,37,0.07269155206286837,37,0.07269155206286837,0.0
1,1.00,overall,18-19,20,0.03929273084479371,20,0.03929273084479371,0.0
1,1.00,overall,20-21,24,0.047151277013752456,24,0.047151277013752456,0.0
1,1.00,overall,22-23,22,0.043222003929273084,22,0.043222003929273084,0.0
1,1.00,overall,24-25,15,0.029469548133595286,15,0.029469548133595286,0.0
1,1.00,overall,26-27,17,0.03339882121807466,17,0.03339882121807466,0.0
1,1.00,overall,28-29,21,0.0412573673870334,21,0.0412573673870334,0.0
1,1.00,overall,30-31,11,0.021611001964636542,11,0.021611001964636542,0.0
1,1.00,overall,32-33,18,0.03536345776031434,18,0.03536345776031434,0.0
1,1.00,overall,34-35,22,0.043222003929273084,22,0.043222003929273084,0.0
1,1.00,overall,36-37,20,0.03929273084479371,20,0.03929273084479371,0.0
1,1.00,overall,38-39,13,0.025540275049115914,13,0.025540275049115914,0.0
1,1.00,overall,40-41,14,0.0275049115913556,14,0.0275049115913556,0.0
1,1.00,overall,42-43,23,0.04518664047151277,23,0.04518664047151277,0.0
1,1.00,overall,44-45,12,0.023575638506876228,12,0.023575638506876228,0.0
1,1.00,overall,46-47,17,0.03339882121807466,17,0.03339882121807466,0.0
1,1.00,overall,48-49,14,0.0275049115913556,14,0.0275049115913556,0.0
1,1.00,overall,50,10,0.019646365422396856,10,0.019646365422396856,0.0
1,1.00,overall,51-55,33,0.06483300589390963,33,0.06483300589390963,0.0
1,1.00,overall,56-60,28,0.0550098231827112,28,0.0550098231827112,0.0
1,1.00,overall,61-65,2,0.003929273084479371,2,0.003929273084479371,0.0
1,1.00,overall,66-67,1,0.0019646365422396855,1,0.0019646365422396855,0.0
1,1.00,train_pool,10-11,17,0.04176904176904177,21,0.0412573673870334,0.0005116743820083661
1,1.00,train_pool,12-13,30,0.07371007371007371,37,0.07269155206286837,0.0010185216472053393
1,1.00,train_pool,14-15,45,0.11056511056511056,57,0.11198428290766209,0.0014191723425515251
1,1.00,train_pool,16-17,30,0.07371007371007371,37,0.07269155206286837,0.0010185216472053393
1,1.00,train_pool,18-19,16,0.03931203931203931,20,0.03929273084479371,1.930846724559898e-05
1,1.00,train_pool,20-21,19,0.04668304668304668,24,0.047151277013752456,0.0004682303307057753
1,1.00,train_pool,22-23,18,0.044226044226044224,22,0.043222003929273084,0.00100404029677114
1,1.00,train_pool,24-25,12,0.029484029484029485,15,0.029469548133595286,1.4481350434199236e-05
1,1.00,train_pool,26-27,13,0.03194103194103194,17,0.03339882121807466,0.0014577892770427162
1,1.00,train_pool,28-29,17,0.04176904176904177,21,0.0412573673870334,0.0005116743820083661
1,1.00,train_pool,30-31,9,0.022113022113022112,11,0.021611001964636542,0.00050202014838557
1,1.00,train_pool,32-33,14,0.0343980343980344,18,0.03536345776031434,0.0009654233622799421
1,1.00,train_pool,34-35,17,0.04176904176904177,22,0.043222003929273084,0.0014529621602313164
1,1.00,train_pool,36-37,16,0.03931203931203931,20,0.03929273084479371,1.930846724559898e-05
1,1.00,train_pool,38-39,10,0.02457002457002457,13,0.025540275049115914,0.0009702504790913453
1,1.00,train_pool,40-41,12,0.029484029484029485,14,0.0275049115913556,0.001979117892673885
1,1.00,train_pool,42-43,19,0.04668304668304668,23,0.04518664047151277,0.0014964062115339072
1,1.00,train_pool,44-45,10,0.02457002457002457,12,0.023575638506876228,0.0009943860631483406
1,1.00,train_pool,46-47,14,0.0343980343980344,17,0.03339882121807466,0.0009992131799597403
1,1.00,train_pool,48-49,11,0.02702702702702703,14,0.0275049115913556,0.0004778845643285713
1,1.00,train_pool,50,8,0.019656019656019656,10,0.019646365422396856,9.65423362279949e-06
1,1.00,train_pool,51-55,26,0.06388206388206388,33,0.06483300589390963,0.0009509420118457429
1,1.00,train_pool,56-60,21,0.051597051597051594,28,0.0550098231827112,0.003412771585659606
1,1.00,train_pool,61-65,2,0.004914004914004914,2,0.003929273084479371,0.0009847318295255428
1,1.00,train_pool,66-67,1,0.002457002457002457,1,0.0019646365422396855,0.0004923659147627714
1,1.00,train_fraction,10-11,17,0.04176904176904177,21,0.0412573673870334,0.0005116743820083661
1,1.00,train_fraction,12-13,30,0.07371007371007371,37,0.07269155206286837,0.0010185216472053393
1,1.00,train_fraction,14-15,45,0.11056511056511056,57,0.11198428290766209,0.0014191723425515251
1,1.00,train_fraction,16-17,30,0.07371007371007371,37,0.07269155206286837,0.0010185216472053393
1,1.00,train_fraction,18-19,16,0.03931203931203931,20,0.03929273084479371,1.930846724559898e-05
1,1.00,train_fraction,20-21,19,0.04668304668304668,24,0.047151277013752456,0.0004682303307057753
1,1.00,train_fraction,22-23,18,0.044226044226044224,22,0.043222003929273084,0.00100404029677114
1,1.00,train_fraction,24-25,12,0.029484029484029485,15,0.029469548133595286,1.4481350434199236e-05
1,1.00,train_fraction,26-27,13,0.03194103194103194,17,0.03339882121807466,0.0014577892770427162
1,1.00,train_fraction,28-29,17,0.04176904176904177,21,0.0412573673870334,0.0005116743820083661
1,1.00,train_fraction,30-31,9,0.022113022113022112,11,0.021611001964636542,0.00050202014838557
1,1.00,train_fraction,32-33,14,0.0343980343980344,18,0.03536345776031434,0.0009654233622799421
1,1.00,train_fraction,34-35,17,0.04176904176904177,22,0.043222003929273084,0.0014529621602313164
1,1.00,train_fraction,36-37,16,0.03931203931203931,20,0.03929273084479371,1.930846724559898e-05
1,1.00,train_fraction,38-39,10,0.02457002457002457,13,0.025540275049115914,0.0009702504790913453
1,1.00,train_fraction,40-41,12,0.029484029484029485,14,0.0275049115913556,0.001979117892673885
1,1.00,train_fraction,42-43,19,0.04668304668304668,23,0.04518664047151277,0.0014964062115339072
1,1.00,train_fraction,44-45,10,0.02457002457002457,12,0.023575638506876228,0.0009943860631483406
1,1.00,train_fraction,46-47,14,0.0343980343980344,17,0.03339882121807466,0.0009992131799597403
1,1.00,train_fraction,48-49,11,0.02702702702702703,14,0.0275049115913556,0.0004778845643285713
1,1.00,train_fraction,50,8,0.019656019656019656,10,0.019646365422396856,9.65423362279949e-06
1,1.00,train_fraction,51-55,26,0.06388206388206388,33,0.06483300589390963,0.0009509420118457429
1,1.00,train_fraction,56-60,21,0.051597051597051594,28,0.0550098231827112,0.003412771585659606
1,1.00,train_fraction,61-65,2,0.004914004914004914,2,0.003929273084479371,0.0009847318295255428
1,1.00,train_fraction,66-67,1,0.002457002457002457,1,0.0019646365422396855,0.0004923659147627714
1,1.00,val,10-11,4,0.0392156862745098,21,0.0412573673870334,0.002041681112523598
1,1.00,val,12-13,7,0.06862745098039216,37,0.07269155206286837,0.004064101082476207
1,1.00,val,14-15,12,0.11764705882352941,57,0.11198428290766209,0.005662775915867321
1,1.00,val,16-17,7,0.06862745098039216,37,0.07269155206286837,0.004064101082476207
1,1.00,val,18-19,4,0.0392156862745098,20,0.03929273084479371,7.704457028390871e-05
1,1.00,val,20-21,5,0.049019607843137254,24,0.047151277013752456,0.0018683308293847983
1,1.00,val,22-23,4,0.0392156862745098,22,0.043222003929273084,0.004006317654763281
1,1.00,val,24-25,3,0.029411764705882353,15,0.029469548133595286,5.7783427712933266e-05
1,1.00,val,26-27,4,0.0392156862745098,17,0.03339882121807466,0.005816865056435146
1,1.00,val,28-29,4,0.0392156862745098,21,0.0412573673870334,0.002041681112523598
1,1.00,val,30-31,2,0.0196078431372549,11,0.021611001964636542,0.0020031588273816403
1,1.00,val,32-33,4,0.0392156862745098,18,0.03536345776031434,0.003852228514195463
1,1.00,val,34-35,5,0.049019607843137254,22,0.043222003929273084,0.00579760391386417
1,1.00,val,36-37,4,0.0392156862745098,20,0.03929273084479371,7.704457028390871e-05
1,1.00,val,38-39,3,0.029411764705882353,13,0.025540275049115914,0.0038714896567664386
1,1.00,val,40-41,2,0.0196078431372549,14,0.0275049115913556,0.007897068454100698
1,1.00,val,42-43,4,0.0392156862745098,23,0.04518664047151277,0.00597095419700297
1,1.00,val,44-45,2,0.0196078431372549,12,0.023575638506876228,0.003967795369621326
1,1.00,val,46-47,3,0.029411764705882353,17,0.03339882121807466,0.003987056512192305
1,1.00,val,48-49,3,0.029411764705882353,14,0.0275049115913556,0.0019068531145267527
1,1.00,val,50,2,0.0196078431372549,10,0.019646365422396856,3.8522285141954354e-05
1,1.00,val,51-55,7,0.06862745098039216,33,0.06483300589390963,0.003794445086482537
1,1.00,val,56-60,7,0.06862745098039216,28,0.0550098231827112,0.013617627797680963
1,1.00,val,61-65,0,0.0,2,0.003929273084479371,0.003929273084479371
1,1.00,val,66-67,0,0.0,1,0.0019646365422396855,0.0019646365422396855
2,0.01,overall,10-11,21,0.0412573673870334,21,0.0412573673870334,0.0
2,0.01,overall,12-13,37,0.07269155206286837,37,0.07269155206286837,0.0
2,0.01,overall,14-15,57,0.11198428290766209,57,0.11198428290766209,0.0
2,0.01,overall,16-17,37,0.07269155206286837,37,0.07269155206286837,0.0
2,0.01,overall,18-19,20,0.03929273084479371,20,0.03929273084479371,0.0
2,0.01,overall,20-21,24,0.047151277013752456,24,0.047151277013752456,0.0
2,0.01,overall,22-23,22,0.043222003929273084,22,0.043222003929273084,0.0
2,0.01,overall,24-25,15,0.029469548133595286,15,0.029469548133595286,0.0
2,0.01,overall,26-27,17,0.03339882121807466,17,0.03339882121807466,0.0
2,0.01,overall,28-29,21,0.0412573673870334,21,0.0412573673870334,0.0
2,0.01,overall,30-31,11,0.021611001964636542,11,0.021611001964636542,0.0
2,0.01,overall,32-33,18,0.03536345776031434,18,0.03536345776031434,0.0
2,0.01,overall,34-35,22,0.043222003929273084,22,0.043222003929273084,0.0
2,0.01,overall,36-37,20,0.03929273084479371,20,0.03929273084479371,0.0
2,0.01,overall,38-39,13,0.025540275049115914,13,0.025540275049115914,0.0
2,0.01,overall,40-41,14,0.0275049115913556,14,0.0275049115913556,0.0
2,0.01,overall,42-43,23,0.04518664047151277,23,0.04518664047151277,0.0
2,0.01,overall,44-45,12,0.023575638506876228,12,0.023575638506876228,0.0
2,0.01,overall,46-47,17,0.03339882121807466,17,0.03339882121807466,0.0
2,0.01,overall,48-49,14,0.0275049115913556,14,0.0275049115913556,0.0
2,0.01,overall,50,10,0.019646365422396856,10,0.019646365422396856,0.0
2,0.01,overall,51-55,33,0.06483300589390963,33,0.06483300589390963,0.0
2,0.01,overall,56-60,28,0.0550098231827112,28,0.0550098231827112,0.0
2,0.01,overall,61-65,2,0.003929273084479371,2,0.003929273084479371,0.0
2,0.01,overall,66-67,1,0.0019646365422396855,1,0.0019646365422396855,0.0
2,0.01,train_pool,10-11,17,0.04176904176904177,21,0.0412573673870334,0.0005116743820083661
2,0.01,train_pool,12-13,30,0.07371007371007371,37,0.07269155206286837,0.0010185216472053393
2,0.01,train_pool,14-15,46,0.11302211302211303,57,0.11198428290766209,0.0010378301144509383
2,0.01,train_pool,16-17,29,0.07125307125307126,37,0.07269155206286837,0.0014384808097971102
2,0.01,train_pool,18-19,16,0.03931203931203931,20,0.03929273084479371,1.930846724559898e-05
2,0.01,train_pool,20-21,19,0.04668304668304668,24,0.047151277013752456,0.0004682303307057753
2,0.01,train_pool,22-23,18,0.044226044226044224,22,0.043222003929273084,0.00100404029677114
2,0.01,train_pool,24-25,12,0.029484029484029485,15,0.029469548133595286,1.4481350434199236e-05
2,0.01,train_pool,26-27,14,0.0343980343980344,17,0.03339882121807466,0.0009992131799597403
2,0.01,train_pool,28-29,17,0.04176904176904177,21,0.0412573673870334,0.0005116743820083661
2,0.01,train_pool,30-31,9,0.022113022113022112,11,0.021611001964636542,0.00050202014838557
2,0.01,train_pool,32-33,14,0.0343980343980344,18,0.03536345776031434,0.0009654233622799421
2,0.01,train_pool,34-35,17,0.04176904176904177,22,0.043222003929273084,0.0014529621602313164
2,0.01,train_pool,36-37,16,0.03931203931203931,20,0.03929273084479371,1.930846724559898e-05
2,0.01,train_pool,38-39,10,0.02457002457002457,13,0.025540275049115914,0.0009702504790913453
2,0.01,train_pool,40-41,11,0.02702702702702703,14,0.0275049115913556,0.0004778845643285713
2,0.01,train_pool,42-43,18,0.044226044226044224,23,0.04518664047151277,0.0009605962454685493
2,0.01,train_pool,44-45,10,0.02457002457002457,12,0.023575638506876228,0.0009943860631483406
2,0.01,train_pool,46-47,14,0.0343980343980344,17,0.03339882121807466,0.0009992131799597403
2,0.01,train_pool,48-49,11,0.02702702702702703,14,0.0275049115913556,0.0004778845643285713
2,0.01,train_pool,50,8,0.019656019656019656,10,0.019646365422396856,9.65423362279949e-06
2,0.01,train_pool,51-55,26,0.06388206388206388,33,0.06483300589390963,0.0009509420118457429
2,0.01,train_pool,56-60,23,0.056511056511056514,28,0.0550098231827112,0.0015012333283453139
2,0.01,train_pool,61-65,1,0.002457002457002457,2,0.003929273084479371,0.001472270627476914
2,0.01,train_pool,66-67,1,0.002457002457002457,1,0.0019646365422396855,0.0004923659147627714
2,0.01,train_fraction,10-11,0,0.0,21,0.0412573673870334,0.0412573673870334
2,0.01,train_fraction,12-13,0,0.0,37,0.07269155206286837,0.07269155206286837
2,0.01,train_fraction,14-15,1,0.25,57,0.11198428290766209,0.1380157170923379
2,0.01,train_fraction,16-17,0,0.0,37,0.07269155206286837,0.07269155206286837
2,0.01,train_fraction,18-19,0,0.0,20,0.03929273084479371,0.03929273084479371
2,0.01,train_fraction,20-21,1,0.25,24,0.047151277013752456,0.20284872298624754
2,0.01,train_fraction,22-23,0,0.0,22,0.043222003929273084,0.043222003929273084
2,0.01,train_fraction,24-25,0,0.0,15,0.029469548133595286,0.029469548133595286
2,0.01,train_fraction,26-27,0,0.0,17,0.03339882121807466,0.03339882121807466
2,0.01,train_fraction,28-29,0,0.0,21,0.0412573673870334,0.0412573673870334
2,0.01,train_fraction,30-31,0,0.0,11,0.021611001964636542,0.021611001964636542
2,0.01,train_fraction,32-33,0,0.0,18,0.03536345776031434,0.03536345776031434
2,0.01,train_fraction,34-35,1,0.25,22,0.043222003929273084,0.20677799607072692
2,0.01,train_fraction,36-37,0,0.0,20,0.03929273084479371,0.03929273084479371
2,0.01,train_fraction,38-39,1,0.25,13,0.025540275049115914,0.2244597249508841
2,0.01,train_fraction,40-41,0,0.0,14,0.0275049115913556,0.0275049115913556
2,0.01,train_fraction,42-43,0,0.0,23,0.04518664047151277,0.04518664047151277
2,0.01,train_fraction,44-45,0,0.0,12,0.023575638506876228,0.023575638506876228
2,0.01,train_fraction,46-47,0,0.0,17,0.03339882121807466,0.03339882121807466
2,0.01,train_fraction,48-49,0,0.0,14,0.0275049115913556,0.0275049115913556
2,0.01,train_fraction,50,0,0.0,10,0.019646365422396856,0.019646365422396856
2,0.01,train_fraction,51-55,0,0.0,33,0.06483300589390963,0.06483300589390963
2,0.01,train_fraction,56-60,0,0.0,28,0.0550098231827112,0.0550098231827112
2,0.01,train_fraction,61-65,0,0.0,2,0.003929273084479371,0.003929273084479371
2,0.01,train_fraction,66-67,0,0.0,1,0.0019646365422396855,0.0019646365422396855
2,0.01,val,10-11,4,0.0392156862745098,21,0.0412573673870334,0.002041681112523598
2,0.01,val,12-13,7,0.06862745098039216,37,0.07269155206286837,0.004064101082476207
2,0.01,val,14-15,11,0.10784313725490197,57,0.11198428290766209,0.004141145652760123
2,0.01,val,16-17,8,0.0784313725490196,37,0.07269155206286837,0.005739820486151237
2,0.01,val,18-19,4,0.0392156862745098,20,0.03929273084479371,7.704457028390871e-05
2,0.01,val,20-21,5,0.049019607843137254,24,0.047151277013752456,0.0018683308293847983
2,0.01,val,22-23,4,0.0392156862745098,22,0.043222003929273084,0.004006317654763281
2,0.01,val,24-25,3,0.029411764705882353,15,0.029469548133595286,5.7783427712933266e-05
2,0.01,val,26-27,3,0.029411764705882353,17,0.03339882121807466,0.003987056512192305
2,0.01,val,28-29,4,0.0392156862745098,21,0.0412573673870334,0.002041681112523598
2,0.01,val,30-31,2,0.0196078431372549,11,0.021611001964636542,0.0020031588273816403
2,0.01,val,32-33,4,0.0392156862745098,18,0.03536345776031434,0.003852228514195463
2,0.01,val,34-35,5,0.049019607843137254,22,0.043222003929273084,0.00579760391386417
2,0.01,val,36-37,4,0.0392156862745098,20,0.03929273084479371,7.704457028390871e-05
2,0.01,val,38-39,3,0.029411764705882353,13,0.025540275049115914,0.0038714896567664386
2,0.01,val,40-41,3,0.029411764705882353,14,0.0275049115913556,0.0019068531145267527
2,0.01,val,42-43,5,0.049019607843137254,23,0.04518664047151277,0.003832967371624481
2,0.01,val,44-45,2,0.0196078431372549,12,0.023575638506876228,0.003967795369621326
2,0.01,val,46-47,3,0.029411764705882353,17,0.03339882121807466,0.003987056512192305
2,0.01,val,48-49,3,0.029411764705882353,14,0.0275049115913556,0.0019068531145267527
2,0.01,val,50,2,0.0196078431372549,10,0.019646365422396856,3.8522285141954354e-05
2,0.01,val,51-55,7,0.06862745098039216,33,0.06483300589390963,0.003794445086482537
2,0.01,val,56-60,5,0.049019607843137254,28,0.0550098231827112,0.0059902153395739455
2,0.01,val,61-65,1,0.00980392156862745,2,0.003929273084479371,0.00587464848414808
2,0.01,val,66-67,0,0.0,1,0.0019646365422396855,0.0019646365422396855
2,0.05,overall,10-11,21,0.0412573673870334,21,0.0412573673870334,0.0
2,0.05,overall,12-13,37,0.07269155206286837,37,0.07269155206286837,0.0
2,0.05,overall,14-15,57,0.11198428290766209,57,0.11198428290766209,0.0
2,0.05,overall,16-17,37,0.07269155206286837,37,0.07269155206286837,0.0
2,0.05,overall,18-19,20,0.03929273084479371,20,0.03929273084479371,0.0
2,0.05,overall,20-21,24,0.047151277013752456,24,0.047151277013752456,0.0
2,0.05,overall,22-23,22,0.043222003929273084,22,0.043222003929273084,0.0
2,0.05,overall,24-25,15,0.029469548133595286,15,0.029469548133595286,0.0
2,0.05,overall,26-27,17,0.03339882121807466,17,0.03339882121807466,0.0
2,0.05,overall,28-29,21,0.0412573673870334,21,0.0412573673870334,0.0
2,0.05,overall,30-31,11,0.021611001964636542,11,0.021611001964636542,0.0
2,0.05,overall,32-33,18,0.03536345776031434,18,0.03536345776031434,0.0
2,0.05,overall,34-35,22,0.043222003929273084,22,0.043222003929273084,0.0
2,0.05,overall,36-37,20,0.03929273084479371,20,0.03929273084479371,0.0
2,0.05,overall,38-39,13,0.025540275049115914,13,0.025540275049115914,0.0
2,0.05,overall,40-41,14,0.0275049115913556,14,0.0275049115913556,0.0
2,0.05,overall,42-43,23,0.04518664047151277,23,0.04518664047151277,0.0
2,0.05,overall,44-45,12,0.023575638506876228,12,0.023575638506876228,0.0
2,0.05,overall,46-47,17,0.03339882121807466,17,0.03339882121807466,0.0
2,0.05,overall,48-49,14,0.0275049115913556,14,0.0275049115913556,0.0
2,0.05,overall,50,10,0.019646365422396856,10,0.019646365422396856,0.0
2,0.05,overall,51-55,33,0.06483300589390963,33,0.06483300589390963,0.0
2,0.05,overall,56-60,28,0.0550098231827112,28,0.0550098231827112,0.0
2,0.05,overall,61-65,2,0.003929273084479371,2,0.003929273084479371,0.0
2,0.05,overall,66-67,1,0.0019646365422396855,1,0.0019646365422396855,0.0
2,0.05,train_pool,10-11,17,0.04176904176904177,21,0.0412573673870334,0.0005116743820083661
2,0.05,train_pool,12-13,30,0.07371007371007371,37,0.07269155206286837,0.0010185216472053393
2,0.05,train_pool,14-15,46,0.11302211302211303,57,0.11198428290766209,0.0010378301144509383
2,0.05,train_pool,16-17,29,0.07125307125307126,37,0.07269155206286837,0.0014384808097971102
2,0.05,train_pool,18-19,16,0.03931203931203931,20,0.03929273084479371,1.930846724559898e-05
2,0.05,train_pool,20-21,19,0.04668304668304668,24,0.047151277013752456,0.0004682303307057753
2,0.05,train_pool,22-23,18,0.044226044226044224,22,0.043222003929273084,0.00100404029677114
2,0.05,train_pool,24-25,12,0.029484029484029485,15,0.029469548133595286,1.4481350434199236e-05
2,0.05,train_pool,26-27,14,0.0343980343980344,17,0.03339882121807466,0.0009992131799597403
2,0.05,train_pool,28-29,17,0.04176904176904177,21,0.0412573673870334,0.0005116743820083661
2,0.05,train_pool,30-31,9,0.022113022113022112,11,0.021611001964636542,0.00050202014838557
2,0.05,train_pool,32-33,14,0.0343980343980344,18,0.03536345776031434,0.0009654233622799421
2,0.05,train_pool,34-35,17,0.04176904176904177,22,0.043222003929273084,0.0014529621602313164
2,0.05,train_pool,36-37,16,0.03931203931203931,20,0.03929273084479371,1.930846724559898e-05
2,0.05,train_pool,38-39,10,0.02457002457002457,13,0.025540275049115914,0.0009702504790913453
2,0.05,train_pool,40-41,11,0.02702702702702703,14,0.0275049115913556,0.0004778845643285713
2,0.05,train_pool,42-43,18,0.044226044226044224,23,0.04518664047151277,0.0009605962454685493
2,0.05,train_pool,44-45,10,0.02457002457002457,12,0.023575638506876228,0.0009943860631483406
2,0.05,train_pool,46-47,14,0.0343980343980344,17,0.03339882121807466,0.0009992131799597403
2,0.05,train_pool,48-49,11,0.02702702702702703,14,0.0275049115913556,0.0004778845643285713
2,0.05,train_pool,50,8,0.019656019656019656,10,0.019646365422396856,9.65423362279949e-06
2,0.05,train_pool,51-55,26,0.06388206388206388,33,0.06483300589390963,0.0009509420118457429
2,0.05,train_pool,56-60,23,0.056511056511056514,28,0.0550098231827112,0.0015012333283453139
2,0.05,train_pool,61-65,1,0.002457002457002457,2,0.003929273084479371,0.001472270627476914
2,0.05,train_pool,66-67,1,0.002457002457002457,1,0.0019646365422396855,0.0004923659147627714
2,0.05,train_fraction,10-11,1,0.05,21,0.0412573673870334,0.008742632612966601
2,0.05,train_fraction,12-13,1,0.05,37,0.07269155206286837,0.022691552062868367
2,0.05,train_fraction,14-15,1,0.05,57,0.11198428290766209,0.061984282907662086
2,0.05,train_fraction,16-17,3,0.15,37,0.07269155206286837,0.07730844793713162
2,0.05,train_fraction,18-19,0,0.0,20,0.03929273084479371,0.03929273084479371
2,0.05,train_fraction,20-21,0,0.0,24,0.047151277013752456,0.047151277013752456
2,0.05,train_fraction,22-23,2,0.1,22,0.043222003929273084,0.05677799607072692
2,0.05,train_fraction,24-25,0,0.0,15,0.029469548133595286,0.029469548133595286
2,0.05,train_fraction,26-27,2,0.1,17,0.03339882121807466,0.06660117878192534
2,0.05,train_fraction,28-29,4,0.2,21,0.0412573673870334,0.15874263261296662
2,0.05,train_fraction,30-31,0,0.0,11,0.021611001964636542,0.021611001964636542
2,0.05,train_fraction,32-33,1,0.05,18,0.03536345776031434,0.014636542239685663
2,0.05,train_fraction,34-35,1,0.05,22,0.043222003929273084,0.006777996070726919
2,0.05,train_fraction,36-37,3,0.15,20,0.03929273084479371,0.11070726915520629
2,0.05,train_fraction,38-39,0,0.0,13,0.025540275049115914,0.025540275049115914
2,0.05,train_fraction,40-41,0,0.0,14,0.0275049115913556,0.0275049115913556
2,0.05,train_fraction,42-43,0,0.0,23,0.04518664047151277,0.04518664047151277
2,0.05,train_fraction,44-45,0,0.0,12,0.023575638506876228,0.023575638506876228
2,0.05,train_fraction,46-47,1,0.05,17,0.03339882121807466,0.016601178781925345
2,0.05,train_fraction,48-49,0,0.0,14,0.0275049115913556,0.0275049115913556
2,0.05,train_fraction,50,0,0.0,10,0.019646365422396856,0.019646365422396856
2,0.05,train_fraction,51-55,0,0.0,33,0.06483300589390963,0.06483300589390963
2,0.05,train_fraction,56-60,0,0.0,28,0.0550098231827112,0.0550098231827112
2,0.05,train_fraction,61-65,0,0.0,2,0.003929273084479371,0.003929273084479371
2,0.05,train_fraction,66-67,0,0.0,1,0.0019646365422396855,0.0019646365422396855
2,0.05,val,10-11,4,0.0392156862745098,21,0.0412573673870334,0.002041681112523598
2,0.05,val,12-13,7,0.06862745098039216,37,0.07269155206286837,0.004064101082476207
2,0.05,val,14-15,11,0.10784313725490197,57,0.11198428290766209,0.004141145652760123
2,0.05,val,16-17,8,0.0784313725490196,37,0.07269155206286837,0.005739820486151237
2,0.05,val,18-19,4,0.0392156862745098,20,0.03929273084479371,7.704457028390871e-05
2,0.05,val,20-21,5,0.049019607843137254,24,0.047151277013752456,0.0018683308293847983
2,0.05,val,22-23,4,0.0392156862745098,22,0.043222003929273084,0.004006317654763281
2,0.05,val,24-25,3,0.029411764705882353,15,0.029469548133595286,5.7783427712933266e-05
2,0.05,val,26-27,3,0.029411764705882353,17,0.03339882121807466,0.003987056512192305
2,0.05,val,28-29,4,0.0392156862745098,21,0.0412573673870334,0.002041681112523598
2,0.05,val,30-31,2,0.0196078431372549,11,0.021611001964636542,0.0020031588273816403
2,0.05,val,32-33,4,0.0392156862745098,18,0.03536345776031434,0.003852228514195463
2,0.05,val,34-35,5,0.049019607843137254,22,0.043222003929273084,0.00579760391386417
2,0.05,val,36-37,4,0.0392156862745098,20,0.03929273084479371,7.704457028390871e-05
2,0.05,val,38-39,3,0.029411764705882353,13,0.025540275049115914,0.0038714896567664386
2,0.05,val,40-41,3,0.029411764705882353,14,0.0275049115913556,0.0019068531145267527
2,0.05,val,42-43,5,0.049019607843137254,23,0.04518664047151277,0.003832967371624481
2,0.05,val,44-45,2,0.0196078431372549,12,0.023575638506876228,0.003967795369621326
2,0.05,val,46-47,3,0.029411764705882353,17,0.03339882121807466,0.003987056512192305
2,0.05,val,48-49,3,0.029411764705882353,14,0.0275049115913556,0.0019068531145267527
2,0.05,val,50,2,0.0196078431372549,10,0.019646365422396856,3.8522285141954354e-05
2,0.05,val,51-55,7,0.06862745098039216,33,0.06483300589390963,0.003794445086482537
2,0.05,val,56-60,5,0.049019607843137254,28,0.0550098231827112,0.0059902153395739455
2,0.05,val,61-65,1,0.00980392156862745,2,0.003929273084479371,0.00587464848414808
2,0.05,val,66-67,0,0.0,1,0.0019646365422396855,0.0019646365422396855
2,0.10,overall,10-11,21,0.0412573673870334,21,0.0412573673870334,0.0
2,0.10,overall,12-13,37,0.07269155206286837,37,0.07269155206286837,0.0
2,0.10,overall,14-15,57,0.11198428290766209,57,0.11198428290766209,0.0
2,0.10,overall,16-17,37,0.07269155206286837,37,0.07269155206286837,0.0
2,0.10,overall,18-19,20,0.03929273084479371,20,0.03929273084479371,0.0
2,0.10,overall,20-21,24,0.047151277013752456,24,0.047151277013752456,0.0
2,0.10,overall,22-23,22,0.043222003929273084,22,0.043222003929273084,0.0
2,0.10,overall,24-25,15,0.029469548133595286,15,0.029469548133595286,0.0
2,0.10,overall,26-27,17,0.03339882121807466,17,0.03339882121807466,0.0
2,0.10,overall,28-29,21,0.0412573673870334,21,0.0412573673870334,0.0
2,0.10,overall,30-31,11,0.021611001964636542,11,0.021611001964636542,0.0
2,0.10,overall,32-33,18,0.03536345776031434,18,0.03536345776031434,0.0
2,0.10,overall,34-35,22,0.043222003929273084,22,0.043222003929273084,0.0
2,0.10,overall,36-37,20,0.03929273084479371,20,0.03929273084479371,0.0
2,0.10,overall,38-39,13,0.025540275049115914,13,0.025540275049115914,0.0
2,0.10,overall,40-41,14,0.0275049115913556,14,0.0275049115913556,0.0
2,0.10,overall,42-43,23,0.04518664047151277,23,0.04518664047151277,0.0
2,0.10,overall,44-45,12,0.023575638506876228,12,0.023575638506876228,0.0
2,0.10,overall,46-47,17,0.03339882121807466,17,0.03339882121807466,0.0
2,0.10,overall,48-49,14,0.0275049115913556,14,0.0275049115913556,0.0
2,0.10,overall,50,10,0.019646365422396856,10,0.019646365422396856,0.0
2,0.10,overall,51-55,33,0.06483300589390963,33,0.06483300589390963,0.0
2,0.10,overall,56-60,28,0.0550098231827112,28,0.0550098231827112,0.0
2,0.10,overall,61-65,2,0.003929273084479371,2,0.003929273084479371,0.0
2,0.10,overall,66-67,1,0.0019646365422396855,1,0.0019646365422396855,0.0
2,0.10,train_pool,10-11,17,0.04176904176904177,21,0.0412573673870334,0.0005116743820083661
2,0.10,train_pool,12-13,30,0.07371007371007371,37,0.07269155206286837,0.0010185216472053393
2,0.10,train_pool,14-15,46,0.11302211302211303,57,0.11198428290766209,0.0010378301144509383
2,0.10,train_pool,16-17,29,0.07125307125307126,37,0.07269155206286837,0.0014384808097971102
2,0.10,train_pool,18-19,16,0.03931203931203931,20,0.03929273084479371,1.930846724559898e-05
2,0.10,train_pool,20-21,19,0.04668304668304668,24,0.047151277013752456,0.0004682303307057753
2,0.10,train_pool,22-23,18,0.044226044226044224,22,0.043222003929273084,0.00100404029677114
2,0.10,train_pool,24-25,12,0.029484029484029485,15,0.029469548133595286,1.4481350434199236e-05
2,0.10,train_pool,26-27,14,0.0343980343980344,17,0.03339882121807466,0.0009992131799597403
2,0.10,train_pool,28-29,17,0.04176904176904177,21,0.0412573673870334,0.0005116743820083661
2,0.10,train_pool,30-31,9,0.022113022113022112,11,0.021611001964636542,0.00050202014838557
2,0.10,train_pool,32-33,14,0.0343980343980344,18,0.03536345776031434,0.0009654233622799421
2,0.10,train_pool,34-35,17,0.04176904176904177,22,0.043222003929273084,0.0014529621602313164
2,0.10,train_pool,36-37,16,0.03931203931203931,20,0.03929273084479371,1.930846724559898e-05
2,0.10,train_pool,38-39,10,0.02457002457002457,13,0.025540275049115914,0.0009702504790913453
2,0.10,train_pool,40-41,11,0.02702702702702703,14,0.0275049115913556,0.0004778845643285713
2,0.10,train_pool,42-43,18,0.044226044226044224,23,0.04518664047151277,0.0009605962454685493
2,0.10,train_pool,44-45,10,0.02457002457002457,12,0.023575638506876228,0.0009943860631483406
2,0.10,train_pool,46-47,14,0.0343980343980344,17,0.03339882121807466,0.0009992131799597403
2,0.10,train_pool,48-49,11,0.02702702702702703,14,0.0275049115913556,0.0004778845643285713
2,0.10,train_pool,50,8,0.019656019656019656,10,0.019646365422396856,9.65423362279949e-06
2,0.10,train_pool,51-55,26,0.06388206388206388,33,0.06483300589390963,0.0009509420118457429
2,0.10,train_pool,56-60,23,0.056511056511056514,28,0.0550098231827112,0.0015012333283453139
2,0.10,train_pool,61-65,1,0.002457002457002457,2,0.003929273084479371,0.001472270627476914
2,0.10,train_pool,66-67,1,0.002457002457002457,1,0.0019646365422396855,0.0004923659147627714
2,0.10,train_fraction,10-11,2,0.04878048780487805,21,0.0412573673870334,0.007523120417844649
2,0.10,train_fraction,12-13,3,0.07317073170731707,37,0.07269155206286837,0.000479179644448699
2,0.10,train_fraction,14-15,5,0.12195121951219512,57,0.11198428290766209,0.00996693660453303
2,0.10,train_fraction,16-17,3,0.07317073170731707,37,0.07269155206286837,0.000479179644448699
2,0.10,train_fraction,18-19,1,0.024390243902439025,20,0.03929273084479371,0.014902486942354687
2,0.10,train_fraction,20-21,2,0.04878048780487805,24,0.047151277013752456,0.0016292107911255946
2,0.10,train_fraction,22-23,2,0.04878048780487805,22,0.043222003929273084,0.0055584838756049665
2,0.10,train_fraction,24-25,1,0.024390243902439025,15,0.029469548133595286,0.0050793042311562606
2,0.10,train_fraction,26-27,1,0.024390243902439025,17,0.03339882121807466,0.009008577315635632
2,0.10,train_fraction,28-29,2,0.04878048780487805,21,0.0412573673870334,0.007523120417844649
2,0.10,train_fraction,30-31,1,0.024390243902439025,11,0.021611001964636542,0.0027792419378024832
2,0.10,train_fraction,32-33,1,0.024390243902439025,18,0.03536345776031434,0.010973213857875315
2,0.10,train_fraction,34-35,2,0.04878048780487805,22,0.043222003929273084,0.0055584838756049665
2,0.10,train_fraction,36-37,1,0.024390243902439025,20,0.03929273084479371,0.014902486942354687
2,0.10,train_fraction,38-39,1,0.024390243902439025,13,0.025540275049115914,0.0011500311466768887
2,0.10,train_fraction,40-41,1,0.024390243902439025,14,0.0275049115913556,0.0031146676889165746
2,0.10,train_fraction,42-43,2,0.04878048780487805,23,0.04518664047151277,0.003593847333365277
2,0.10,train_fraction,44-45,1,0.024390243902439025,12,0.023575638506876228,0.0008146053955627973
2,0.10,train_fraction,46-47,1,0.024390243902439025,17,0.03339882121807466,0.009008577315635632
2,0.10,train_fraction,48-49,1,0.024390243902439025,14,0.0275049115913556,0.0031146676889165746
2,0.10,train_fraction,50,1,0.024390243902439025,10,0.019646365422396856,0.004743878480042169
2,0.10,train_fraction,51-55,2,0.04878048780487805,33,0.06483300589390963,0.016052518089031576
2,0.10,train_fraction,56-60,2,0.04878048780487805,28,0.0550098231827112,0.006229335377833149
2,0.10,train_fraction,61-65,1,0.024390243902439025,2,0.003929273084479371,0.020460970817959653
2,0.10,train_fraction,66-67,1,0.024390243902439025,1,0.0019646365422396855,0.02242560736019934
2,0.10,val,10-11,4,0.0392156862745098,21,0.0412573673870334,0.002041681112523598
2,0.10,val,12-13,7,0.06862745098039216,37,0.07269155206286837,0.004064101082476207
2,0.10,val,14-15,11,0.10784313725490197,57,0.11198428290766209,0.004141145652760123
2,0.10,val,16-17,8,0.0784313725490196,37,0.07269155206286837,0.005739820486151237
2,0.10,val,18-19,4,0.0392156862745098,20,0.03929273084479371,7.704457028390871e-05
2,0.10,val,20-21,5,0.049019607843137254,24,0.047151277013752456,0.0018683308293847983
2,0.10,val,22-23,4,0.0392156862745098,22,0.043222003929273084,0.004006317654763281
2,0.10,val,24-25,3,0.029411764705882353,15,0.029469548133595286,5.7783427712933266e-05
2,0.10,val,26-27,3,0.029411764705882353,17,0.03339882121807466,0.003987056512192305
2,0.10,val,28-29,4,0.0392156862745098,21,0.0412573673870334,0.002041681112523598
2,0.10,val,30-31,2,0.0196078431372549,11,0.021611001964636542,0.0020031588273816403
2,0.10,val,32-33,4,0.0392156862745098,18,0.03536345776031434,0.003852228514195463
2,0.10,val,34-35,5,0.049019607843137254,22,0.043222003929273084,0.00579760391386417
2,0.10,val,36-37,4,0.0392156862745098,20,0.03929273084479371,7.704457028390871e-05
2,0.10,val,38-39,3,0.029411764705882353,13,0.025540275049115914,0.0038714896567664386
2,0.10,val,40-41,3,0.029411764705882353,14,0.0275049115913556,0.0019068531145267527
2,0.10,val,42-43,5,0.049019607843137254,23,0.04518664047151277,0.003832967371624481
2,0.10,val,44-45,2,0.0196078431372549,12,0.023575638506876228,0.003967795369621326
2,0.10,val,46-47,3,0.029411764705882353,17,0.03339882121807466,0.003987056512192305
2,0.10,val,48-49,3,0.029411764705882353,14,0.0275049115913556,0.0019068531145267527
2,0.10,val,50,2,0.0196078431372549,10,0.019646365422396856,3.8522285141954354e-05
2,0.10,val,51-55,7,0.06862745098039216,33,0.06483300589390963,0.003794445086482537
2,0.10,val,56-60,5,0.049019607843137254,28,0.0550098231827112,0.0059902153395739455
2,0.10,val,61-65,1,0.00980392156862745,2,0.003929273084479371,0.00587464848414808
2,0.10,val,66-67,0,0.0,1,0.0019646365422396855,0.0019646365422396855
2,0.25,overall,10-11,21,0.0412573673870334,21,0.0412573673870334,0.0
2,0.25,overall,12-13,37,0.07269155206286837,37,0.07269155206286837,0.0
2,0.25,overall,14-15,57,0.11198428290766209,57,0.11198428290766209,0.0
2,0.25,overall,16-17,37,0.07269155206286837,37,0.07269155206286837,0.0
2,0.25,overall,18-19,20,0.03929273084479371,20,0.03929273084479371,0.0
2,0.25,overall,20-21,24,0.047151277013752456,24,0.047151277013752456,0.0
2,0.25,overall,22-23,22,0.043222003929273084,22,0.043222003929273084,0.0
2,0.25,overall,24-25,15,0.029469548133595286,15,0.029469548133595286,0.0
2,0.25,overall,26-27,17,0.03339882121807466,17,0.03339882121807466,0.0
2,0.25,overall,28-29,21,0.0412573673870334,21,0.0412573673870334,0.0
2,0.25,overall,30-31,11,0.021611001964636542,11,0.021611001964636542,0.0
2,0.25,overall,32-33,18,0.03536345776031434,18,0.03536345776031434,0.0
2,0.25,overall,34-35,22,0.043222003929273084,22,0.043222003929273084,0.0
2,0.25,overall,36-37,20,0.03929273084479371,20,0.03929273084479371,0.0
2,0.25,overall,38-39,13,0.025540275049115914,13,0.025540275049115914,0.0
2,0.25,overall,40-41,14,0.0275049115913556,14,0.0275049115913556,0.0
2,0.25,overall,42-43,23,0.04518664047151277,23,0.04518664047151277,0.0
2,0.25,overall,44-45,12,0.023575638506876228,12,0.023575638506876228,0.0
2,0.25,overall,46-47,17,0.03339882121807466,17,0.03339882121807466,0.0
2,0.25,overall,48-49,14,0.0275049115913556,14,0.0275049115913556,0.0
2,0.25,overall,50,10,0.019646365422396856,10,0.019646365422396856,0.0
2,0.25,overall,51-55,33,0.06483300589390963,33,0.06483300589390963,0.0
2,0.25,overall,56-60,28,0.0550098231827112,28,0.0550098231827112,0.0
2,0.25,overall,61-65,2,0.003929273084479371,2,0.003929273084479371,0.0
2,0.25,overall,66-67,1,0.0019646365422396855,1,0.0019646365422396855,0.0
2,0.25,train_pool,10-11,17,0.04176904176904177,21,0.0412573673870334,0.0005116743820083661
2,0.25,train_pool,12-13,30,0.07371007371007371,37,0.07269155206286837,0.0010185216472053393
2,0.25,train_pool,14-15,46,0.11302211302211303,57,0.11198428290766209,0.0010378301144509383
2,0.25,train_pool,16-17,29,0.07125307125307126,37,0.07269155206286837,0.0014384808097971102
2,0.25,train_pool,18-19,16,0.03931203931203931,20,0.03929273084479371,1.930846724559898e-05
2,0.25,train_pool,20-21,19,0.04668304668304668,24,0.047151277013752456,0.0004682303307057753
2,0.25,train_pool,22-23,18,0.044226044226044224,22,0.043222003929273084,0.00100404029677114
2,0.25,train_pool,24-25,12,0.029484029484029485,15,0.029469548133595286,1.4481350434199236e-05
2,0.25,train_pool,26-27,14,0.0343980343980344,17,0.03339882121807466,0.0009992131799597403
2,0.25,train_pool,28-29,17,0.04176904176904177,21,0.0412573673870334,0.0005116743820083661
2,0.25,train_pool,30-31,9,0.022113022113022112,11,0.021611001964636542,0.00050202014838557
2,0.25,train_pool,32-33,14,0.0343980343980344,18,0.03536345776031434,0.0009654233622799421
2,0.25,train_pool,34-35,17,0.04176904176904177,22,0.043222003929273084,0.0014529621602313164
2,0.25,train_pool,36-37,16,0.03931203931203931,20,0.03929273084479371,1.930846724559898e-05
2,0.25,train_pool,38-39,10,0.02457002457002457,13,0.025540275049115914,0.0009702504790913453
2,0.25,train_pool,40-41,11,0.02702702702702703,14,0.0275049115913556,0.0004778845643285713
2,0.25,train_pool,42-43,18,0.044226044226044224,23,0.04518664047151277,0.0009605962454685493
2,0.25,train_pool,44-45,10,0.02457002457002457,12,0.023575638506876228,0.0009943860631483406
2,0.25,train_pool,46-47,14,0.0343980343980344,17,0.03339882121807466,0.0009992131799597403
2,0.25,train_pool,48-49,11,0.02702702702702703,14,0.0275049115913556,0.0004778845643285713
2,0.25,train_pool,50,8,0.019656019656019656,10,0.019646365422396856,9.65423362279949e-06
2,0.25,train_pool,51-55,26,0.06388206388206388,33,0.06483300589390963,0.0009509420118457429
2,0.25,train_pool,56-60,23,0.056511056511056514,28,0.0550098231827112,0.0015012333283453139
2,0.25,train_pool,61-65,1,0.002457002457002457,2,0.003929273084479371,0.001472270627476914
2,0.25,train_pool,66-67,1,0.002457002457002457,1,0.0019646365422396855,0.0004923659147627714
2,0.25,train_fraction,10-11,4,0.0392156862745098,21,0.0412573673870334,0.002041681112523598
2,0.25,train_fraction,12-13,7,0.06862745098039216,37,0.07269155206286837,0.004064101082476207
2,0.25,train_fraction,14-15,11,0.10784313725490197,57,0.11198428290766209,0.004141145652760123
2,0.25,train_fraction,16-17,6,0.058823529411764705,37,0.07269155206286837,0.013868022651103665
2,0.25,train_fraction,18-19,4,0.0392156862745098,20,0.03929273084479371,7.704457028390871e-05
2,0.25,train_fraction,20-21,4,0.0392156862745098,24,0.047151277013752456,0.007935590739242653
2,0.25,train_fraction,22-23,4,0.0392156862745098,22,0.043222003929273084,0.004006317654763281
2,0.25,train_fraction,24-25,2,0.0196078431372549,15,0.029469548133595286,0.009861704996340384
2,0.25,train_fraction,26-27,4,0.0392156862745098,17,0.03339882121807466,0.005816865056435146
2,0.25,train_fraction,28-29,4,0.0392156862745098,21,0.0412573673870334,0.002041681112523598
2,0.25,train_fraction,30-31,3,0.029411764705882353,11,0.021611001964636542,0.0078007627412458105
2,0.25,train_fraction,32-33,3,0.029411764705882353,18,0.03536345776031434,0.005951693054431988
2,0.25,train_fraction,34-35,4,0.0392156862745098,22,0.043222003929273084,0.004006317654763281
2,0.25,train_fraction,36-37,4,0.0392156862745098,20,0.03929273084479371,7.704457028390871e-05
2,0.25,train_fraction,38-39,2,0.0196078431372549,13,0.025540275049115914,0.005932431911861012
2,0.25,train_fraction,40-41,3,0.029411764705882353,14,0.0275049115913556,0.0019068531145267527
2,0.25,train_fraction,42-43,4,0.0392156862745098,23,0.04518664047151277,0.00597095419700297
2,0.25,train_fraction,44-45,2,0.0196078431372549,12,0.023575638506876228,0.003967795369621326
2,0.25,train_fraction,46-47,4,0.0392156862745098,17,0.03339882121807466,0.005816865056435146
2,0.25,train_fraction,48-49,4,0.0392156862745098,14,0.0275049115913556,0.011710774683154204
2,0.25,train_fraction,50,3,0.029411764705882353,10,0.019646365422396856,0.009765399283485496
2,0.25,train_fraction,51-55,7,0.06862745098039216,33,0.06483300589390963,0.003794445086482537
2,0.25,train_fraction,56-60,7,0.06862745098039216,28,0.0550098231827112,0.013617627797680963
2,0.25,train_fraction,61-65,1,0.00980392156862745,2,0.003929273084479371,0.00587464848414808
2,0.25,train_fraction,66-67,1,0.00980392156862745,1,0.0019646365422396855,0.007839285026387765
2,0.25,val,10-11,4,0.0392156862745098,21,0.0412573673870334,0.002041681112523598
2,0.25,val,12-13,7,0.06862745098039216,37,0.07269155206286837,0.004064101082476207
2,0.25,val,14-15,11,0.10784313725490197,57,0.11198428290766209,0.004141145652760123
2,0.25,val,16-17,8,0.0784313725490196,37,0.07269155206286837,0.005739820486151237
2,0.25,val,18-19,4,0.0392156862745098,20,0.03929273084479371,7.704457028390871e-05
2,0.25,val,20-21,5,0.049019607843137254,24,0.047151277013752456,0.0018683308293847983
2,0.25,val,22-23,4,0.0392156862745098,22,0.043222003929273084,0.004006317654763281
2,0.25,val,24-25,3,0.029411764705882353,15,0.029469548133595286,5.7783427712933266e-05
2,0.25,val,26-27,3,0.029411764705882353,17,0.03339882121807466,0.003987056512192305
2,0.25,val,28-29,4,0.0392156862745098,21,0.0412573673870334,0.002041681112523598
2,0.25,val,30-31,2,0.0196078431372549,11,0.021611001964636542,0.0020031588273816403
2,0.25,val,32-33,4,0.0392156862745098,18,0.03536345776031434,0.003852228514195463
2,0.25,val,34-35,5,0.049019607843137254,22,0.043222003929273084,0.00579760391386417
2,0.25,val,36-37,4,0.0392156862745098,20,0.03929273084479371,7.704457028390871e-05
2,0.25,val,38-39,3,0.029411764705882353,13,0.025540275049115914,0.0038714896567664386
2,0.25,val,40-41,3,0.029411764705882353,14,0.0275049115913556,0.0019068531145267527
2,0.25,val,42-43,5,0.049019607843137254,23,0.04518664047151277,0.003832967371624481
2,0.25,val,44-45,2,0.0196078431372549,12,0.023575638506876228,0.003967795369621326
2,0.25,val,46-47,3,0.029411764705882353,17,0.03339882121807466,0.003987056512192305
2,0.25,val,48-49,3,0.029411764705882353,14,0.0275049115913556,0.0019068531145267527
2,0.25,val,50,2,0.0196078431372549,10,0.019646365422396856,3.8522285141954354e-05
2,0.25,val,51-55,7,0.06862745098039216,33,0.06483300589390963,0.003794445086482537
2,0.25,val,56-60,5,0.049019607843137254,28,0.0550098231827112,0.0059902153395739455
2,0.25,val,61-65,1,0.00980392156862745,2,0.003929273084479371,0.00587464848414808
2,0.25,val,66-67,0,0.0,1,0.0019646365422396855,0.0019646365422396855
2,0.50,overall,10-11,21,0.0412573673870334,21,0.0412573673870334,0.0
2,0.50,overall,12-13,37,0.07269155206286837,37,0.07269155206286837,0.0
2,0.50,overall,14-15,57,0.11198428290766209,57,0.11198428290766209,0.0
2,0.50,overall,16-17,37,0.07269155206286837,37,0.07269155206286837,0.0
2,0.50,overall,18-19,20,0.03929273084479371,20,0.03929273084479371,0.0
2,0.50,overall,20-21,24,0.047151277013752456,24,0.047151277013752456,0.0
2,0.50,overall,22-23,22,0.043222003929273084,22,0.043222003929273084,0.0
2,0.50,overall,24-25,15,0.029469548133595286,15,0.029469548133595286,0.0
2,0.50,overall,26-27,17,0.03339882121807466,17,0.03339882121807466,0.0
2,0.50,overall,28-29,21,0.0412573673870334,21,0.0412573673870334,0.0
2,0.50,overall,30-31,11,0.021611001964636542,11,0.021611001964636542,0.0
2,0.50,overall,32-33,18,0.03536345776031434,18,0.03536345776031434,0.0
2,0.50,overall,34-35,22,0.043222003929273084,22,0.043222003929273084,0.0
2,0.50,overall,36-37,20,0.03929273084479371,20,0.03929273084479371,0.0
2,0.50,overall,38-39,13,0.025540275049115914,13,0.025540275049115914,0.0
2,0.50,overall,40-41,14,0.0275049115913556,14,0.0275049115913556,0.0
2,0.50,overall,42-43,23,0.04518664047151277,23,0.04518664047151277,0.0
2,0.50,overall,44-45,12,0.023575638506876228,12,0.023575638506876228,0.0
2,0.50,overall,46-47,17,0.03339882121807466,17,0.03339882121807466,0.0
2,0.50,overall,48-49,14,0.0275049115913556,14,0.0275049115913556,0.0
2,0.50,overall,50,10,0.019646365422396856,10,0.019646365422396856,0.0
2,0.50,overall,51-55,33,0.06483300589390963,33,0.06483300589390963,0.0
2,0.50,overall,56-60,28,0.0550098231827112,28,0.0550098231827112,0.0
2,0.50,overall,61-65,2,0.003929273084479371,2,0.003929273084479371,0.0
2,0.50,overall,66-67,1,0.0019646365422396855,1,0.0019646365422396855,0.0
2,0.50,train_pool,10-11,17,0.04176904176904177,21,0.0412573673870334,0.0005116743820083661
2,0.50,train_pool,12-13,30,0.07371007371007371,37,0.07269155206286837,0.0010185216472053393
2,0.50,train_pool,14-15,46,0.11302211302211303,57,0.11198428290766209,0.0010378301144509383
2,0.50,train_pool,16-17,29,0.07125307125307126,37,0.07269155206286837,0.0014384808097971102
2,0.50,train_pool,18-19,16,0.03931203931203931,20,0.03929273084479371,1.930846724559898e-05
2,0.50,train_pool,20-21,19,0.04668304668304668,24,0.047151277013752456,0.0004682303307057753
2,0.50,train_pool,22-23,18,0.044226044226044224,22,0.043222003929273084,0.00100404029677114
2,0.50,train_pool,24-25,12,0.029484029484029485,15,0.029469548133595286,1.4481350434199236e-05
2,0.50,train_pool,26-27,14,0.0343980343980344,17,0.03339882121807466,0.0009992131799597403
2,0.50,train_pool,28-29,17,0.04176904176904177,21,0.0412573673870334,0.0005116743820083661
2,0.50,train_pool,30-31,9,0.022113022113022112,11,0.021611001964636542,0.00050202014838557
2,0.50,train_pool,32-33,14,0.0343980343980344,18,0.03536345776031434,0.0009654233622799421
2,0.50,train_pool,34-35,17,0.04176904176904177,22,0.043222003929273084,0.0014529621602313164
2,0.50,train_pool,36-37,16,0.03931203931203931,20,0.03929273084479371,1.930846724559898e-05
2,0.50,train_pool,38-39,10,0.02457002457002457,13,0.025540275049115914,0.0009702504790913453
2,0.50,train_pool,40-41,11,0.02702702702702703,14,0.0275049115913556,0.0004778845643285713
2,0.50,train_pool,42-43,18,0.044226044226044224,23,0.04518664047151277,0.0009605962454685493
2,0.50,train_pool,44-45,10,0.02457002457002457,12,0.023575638506876228,0.0009943860631483406
2,0.50,train_pool,46-47,14,0.0343980343980344,17,0.03339882121807466,0.0009992131799597403
2,0.50,train_pool,48-49,11,0.02702702702702703,14,0.0275049115913556,0.0004778845643285713
2,0.50,train_pool,50,8,0.019656019656019656,10,0.019646365422396856,9.65423362279949e-06
2,0.50,train_pool,51-55,26,0.06388206388206388,33,0.06483300589390963,0.0009509420118457429
2,0.50,train_pool,56-60,23,0.056511056511056514,28,0.0550098231827112,0.0015012333283453139
2,0.50,train_pool,61-65,1,0.002457002457002457,2,0.003929273084479371,0.001472270627476914
2,0.50,train_pool,66-67,1,0.002457002457002457,1,0.0019646365422396855,0.0004923659147627714
2,0.50,train_fraction,10-11,8,0.0392156862745098,21,0.0412573673870334,0.002041681112523598
2,0.50,train_fraction,12-13,15,0.07352941176470588,37,0.07269155206286837,0.000837859701837515
2,0.50,train_fraction,14-15,24,0.11764705882352941,57,0.11198428290766209,0.005662775915867321
2,0.50,train_fraction,16-17,13,0.06372549019607843,37,0.07269155206286837,0.008966061866789943
2,0.50,train_fraction,18-19,7,0.03431372549019608,20,0.03929273084479371,0.004979005354597631
2,0.50,train_fraction,20-21,9,0.04411764705882353,24,0.047151277013752456,0.0030336299549289236
2,0.50,train_fraction,22-23,9,0.04411764705882353,22,0.043222003929273084,0.0008956431295504483
2,0.50,train_fraction,24-25,7,0.03431372549019608,15,0.029469548133595286,0.004844177356600796
2,0.50,train_fraction,26-27,5,0.024509803921568627,17,0.03339882121807466,0.00888901729650603
2,0.50,train_fraction,28-29,8,0.0392156862745098,21,0.0412573673870334,0.002041681112523598
2,0.50,train_fraction,30-31,5,0.024509803921568627,11,0.021611001964636542,0.002898801956932085
2,0.50,train_fraction,32-33,7,0.03431372549019608,18,0.03536345776031434,0.0010497322701182588
2,0.50,train_fraction,34-35,9,0.04411764705882353,22,0.043222003929273084,0.0008956431295504483
2,0.50,train_fraction,36-37,9,0.04411764705882353,20,0.03929273084479371,0.00482491621402982
2,0.50,train_fraction,38-39,5,0.024509803921568627,13,0.025540275049115914,0.0010304711275472868
2,0.50,train_fraction,40-41,6,0.029411764705882353,14,0.0275049115913556,0.0019068531145267527
2,0.50,train_fraction,42-43,9,0.04411764705882353,23,0.04518664047151277,0.0010689934126892411
2,0.50,train_fraction,44-45,5,0.024509803921568627,12,0.023575638506876228,0.0009341654146923992
2,0.50,train_fraction,46-47,6,0.029411764705882353,17,0.03339882121807466,0.003987056512192305
2,0.50,train_fraction,48-49,7,0.03431372549019608,14,0.0275049115913556,0.006808813898840482
2,0.50,train_fraction,50,4,0.0196078431372549,10,0.019646365422396856,3.8522285141954354e-05
2,0.50,train_fraction,51-55,13,0.06372549019607843,33,0.06483300589390963,0.001107515697831199
2,0.50,train_fraction,56-60,12,0.058823529411764705,28,0.0550098231827112,0.0038137062290535054
2,0.50,train_fraction,61-65,1,0.004901960784313725,2,0.003929273084479371,0.0009726876998343544
2,0.50,train_fraction,66-67,1,0.004901960784313725,1,0.0019646365422396855,0.00293732424207404
2,0.50,val,10-11,4,0.0392156862745098,21,0.0412573673870334,0.002041681112523598
2,0.50,val,12-13,7,0.06862745098039216,37,0.07269155206286837,0.004064101082476207
2,0.50,val,14-15,11,0.10784313725490197,57,0.11198428290766209,0.004141145652760123
2,0.50,val,16-17,8,0.0784313725490196,37,0.07269155206286837,0.005739820486151237
2,0.50,val,18-19,4,0.0392156862745098,20,0.03929273084479371,7.704457028390871e-05
2,0.50,val,20-21,5,0.049019607843137254,24,0.047151277013752456,0.0018683308293847983
2,0.50,val,22-23,4,0.0392156862745098,22,0.043222003929273084,0.004006317654763281
2,0.50,val,24-25,3,0.029411764705882353,15,0.029469548133595286,5.7783427712933266e-05
2,0.50,val,26-27,3,0.029411764705882353,17,0.03339882121807466,0.003987056512192305
2,0.50,val,28-29,4,0.0392156862745098,21,0.0412573673870334,0.002041681112523598
2,0.50,val,30-31,2,0.0196078431372549,11,0.021611001964636542,0.0020031588273816403
2,0.50,val,32-33,4,0.0392156862745098,18,0.03536345776031434,0.003852228514195463
2,0.50,val,34-35,5,0.049019607843137254,22,0.043222003929273084,0.00579760391386417
2,0.50,val,36-37,4,0.0392156862745098,20,0.03929273084479371,7.704457028390871e-05
2,0.50,val,38-39,3,0.029411764705882353,13,0.025540275049115914,0.0038714896567664386
2,0.50,val,40-41,3,0.029411764705882353,14,0.0275049115913556,0.0019068531145267527
2,0.50,val,42-43,5,0.049019607843137254,23,0.04518664047151277,0.003832967371624481
2,0.50,val,44-45,2,0.0196078431372549,12,0.023575638506876228,0.003967795369621326
2,0.50,val,46-47,3,0.029411764705882353,17,0.03339882121807466,0.003987056512192305
2,0.50,val,48-49,3,0.029411764705882353,14,0.0275049115913556,0.0019068531145267527
2,0.50,val,50,2,0.0196078431372549,10,0.019646365422396856,3.8522285141954354e-05
2,0.50,val,51-55,7,0.06862745098039216,33,0.06483300589390963,0.003794445086482537
2,0.50,val,56-60,5,0.049019607843137254,28,0.0550098231827112,0.0059902153395739455
2,0.50,val,61-65,1,0.00980392156862745,2,0.003929273084479371,0.00587464848414808
2,0.50,val,66-67,0,0.0,1,0.0019646365422396855,0.0019646365422396855
2,1.00,overall,10-11,21,0.0412573673870334,21,0.0412573673870334,0.0
2,1.00,overall,12-13,37,0.07269155206286837,37,0.07269155206286837,0.0
2,1.00,overall,14-15,57,0.11198428290766209,57,0.11198428290766209,0.0
2,1.00,overall,16-17,37,0.07269155206286837,37,0.07269155206286837,0.0
2,1.00,overall,18-19,20,0.03929273084479371,20,0.03929273084479371,0.0
2,1.00,overall,20-21,24,0.047151277013752456,24,0.047151277013752456,0.0
2,1.00,overall,22-23,22,0.043222003929273084,22,0.043222003929273084,0.0
2,1.00,overall,24-25,15,0.029469548133595286,15,0.029469548133595286,0.0
2,1.00,overall,26-27,17,0.03339882121807466,17,0.03339882121807466,0.0
2,1.00,overall,28-29,21,0.0412573673870334,21,0.0412573673870334,0.0
2,1.00,overall,30-31,11,0.021611001964636542,11,0.021611001964636542,0.0
2,1.00,overall,32-33,18,0.03536345776031434,18,0.03536345776031434,0.0
2,1.00,overall,34-35,22,0.043222003929273084,22,0.043222003929273084,0.0
2,1.00,overall,36-37,20,0.03929273084479371,20,0.03929273084479371,0.0
2,1.00,overall,38-39,13,0.025540275049115914,13,0.025540275049115914,0.0
2,1.00,overall,40-41,14,0.0275049115913556,14,0.0275049115913556,0.0
2,1.00,overall,42-43,23,0.04518664047151277,23,0.04518664047151277,0.0
2,1.00,overall,44-45,12,0.023575638506876228,12,0.023575638506876228,0.0
2,1.00,overall,46-47,17,0.03339882121807466,17,0.03339882121807466,0.0
2,1.00,overall,48-49,14,0.0275049115913556,14,0.0275049115913556,0.0
2,1.00,overall,50,10,0.019646365422396856,10,0.019646365422396856,0.0
2,1.00,overall,51-55,33,0.06483300589390963,33,0.06483300589390963,0.0
2,1.00,overall,56-60,28,0.0550098231827112,28,0.0550098231827112,0.0
2,1.00,overall,61-65,2,0.003929273084479371,2,0.003929273084479371,0.0
2,1.00,overall,66-67,1,0.0019646365422396855,1,0.0019646365422396855,0.0
2,1.00,train_pool,10-11,17,0.04176904176904177,21,0.0412573673870334,0.0005116743820083661
2,1.00,train_pool,12-13,30,0.07371007371007371,37,0.07269155206286837,0.0010185216472053393
2,1.00,train_pool,14-15,46,0.11302211302211303,57,0.11198428290766209,0.0010378301144509383
2,1.00,train_pool,16-17,29,0.07125307125307126,37,0.07269155206286837,0.0014384808097971102
2,1.00,train_pool,18-19,16,0.03931203931203931,20,0.03929273084479371,1.930846724559898e-05
2,1.00,train_pool,20-21,19,0.04668304668304668,24,0.047151277013752456,0.0004682303307057753
2,1.00,train_pool,22-23,18,0.044226044226044224,22,0.043222003929273084,0.00100404029677114
2,1.00,train_pool,24-25,12,0.029484029484029485,15,0.029469548133595286,1.4481350434199236e-05
2,1.00,train_pool,26-27,14,0.0343980343980344,17,0.03339882121807466,0.0009992131799597403
2,1.00,train_pool,28-29,17,0.04176904176904177,21,0.0412573673870334,0.0005116743820083661
2,1.00,train_pool,30-31,9,0.022113022113022112,11,0.021611001964636542,0.00050202014838557
2,1.00,train_pool,32-33,14,0.0343980343980344,18,0.03536345776031434,0.0009654233622799421
2,1.00,train_pool,34-35,17,0.04176904176904177,22,0.043222003929273084,0.0014529621602313164
2,1.00,train_pool,36-37,16,0.03931203931203931,20,0.03929273084479371,1.930846724559898e-05
2,1.00,train_pool,38-39,10,0.02457002457002457,13,0.025540275049115914,0.0009702504790913453
2,1.00,train_pool,40-41,11,0.02702702702702703,14,0.0275049115913556,0.0004778845643285713
2,1.00,train_pool,42-43,18,0.044226044226044224,23,0.04518664047151277,0.0009605962454685493
2,1.00,train_pool,44-45,10,0.02457002457002457,12,0.023575638506876228,0.0009943860631483406
2,1.00,train_pool,46-47,14,0.0343980343980344,17,0.03339882121807466,0.0009992131799597403
2,1.00,train_pool,48-49,11,0.02702702702702703,14,0.0275049115913556,0.0004778845643285713
2,1.00,train_pool,50,8,0.019656019656019656,10,0.019646365422396856,9.65423362279949e-06
2,1.00,train_pool,51-55,26,0.06388206388206388,33,0.06483300589390963,0.0009509420118457429
2,1.00,train_pool,56-60,23,0.056511056511056514,28,0.0550098231827112,0.0015012333283453139
2,1.00,train_pool,61-65,1,0.002457002457002457,2,0.003929273084479371,0.001472270627476914
2,1.00,train_pool,66-67,1,0.002457002457002457,1,0.0019646365422396855,0.0004923659147627714
2,1.00,train_fraction,10-11,17,0.04176904176904177,21,0.0412573673870334,0.0005116743820083661
2,1.00,train_fraction,12-13,30,0.07371007371007371,37,0.07269155206286837,0.0010185216472053393
2,1.00,train_fraction,14-15,46,0.11302211302211303,57,0.11198428290766209,0.0010378301144509383
2,1.00,train_fraction,16-17,29,0.07125307125307126,37,0.07269155206286837,0.0014384808097971102
2,1.00,train_fraction,18-19,16,0.03931203931203931,20,0.03929273084479371,1.930846724559898e-05
2,1.00,train_fraction,20-21,19,0.04668304668304668,24,0.047151277013752456,0.0004682303307057753
2,1.00,train_fraction,22-23,18,0.044226044226044224,22,0.043222003929273084,0.00100404029677114
2,1.00,train_fraction,24-25,12,0.029484029484029485,15,0.029469548133595286,1.4481350434199236e-05
2,1.00,train_fraction,26-27,14,0.0343980343980344,17,0.03339882121807466,0.0009992131799597403
2,1.00,train_fraction,28-29,17,0.04176904176904177,21,0.0412573673870334,0.0005116743820083661
2,1.00,train_fraction,30-31,9,0.022113022113022112,11,0.021611001964636542,0.00050202014838557
2,1.00,train_fraction,32-33,14,0.0343980343980344,18,0.03536345776031434,0.0009654233622799421
2,1.00,train_fraction,34-35,17,0.04176904176904177,22,0.043222003929273084,0.0014529621602313164
2,1.00,train_fraction,36-37,16,0.03931203931203931,20,0.03929273084479371,1.930846724559898e-05
2,1.00,train_fraction,38-39,10,0.02457002457002457,13,0.025540275049115914,0.0009702504790913453
2,1.00,train_fraction,40-41,11,0.02702702702702703,14,0.0275049115913556,0.0004778845643285713
2,1.00,train_fraction,42-43,18,0.044226044226044224,23,0.04518664047151277,0.0009605962454685493
2,1.00,train_fraction,44-45,10,0.02457002457002457,12,0.023575638506876228,0.0009943860631483406
2,1.00,train_fraction,46-47,14,0.0343980343980344,17,0.03339882121807466,0.0009992131799597403
2,1.00,train_fraction,48-49,11,0.02702702702702703,14,0.0275049115913556,0.0004778845643285713
2,1.00,train_fraction,50,8,0.019656019656019656,10,0.019646365422396856,9.65423362279949e-06
2,1.00,train_fraction,51-55,26,0.06388206388206388,33,0.06483300589390963,0.0009509420118457429
2,1.00,train_fraction,56-60,23,0.056511056511056514,28,0.0550098231827112,0.0015012333283453139
2,1.00,train_fraction,61-65,1,0.002457002457002457,2,0.003929273084479371,0.001472270627476914
2,1.00,train_fraction,66-67,1,0.002457002457002457,1,0.0019646365422396855,0.0004923659147627714
2,1.00,val,10-11,4,0.0392156862745098,21,0.0412573673870334,0.002041681112523598
2,1.00,val,12-13,7,0.06862745098039216,37,0.07269155206286837,0.004064101082476207
2,1.00,val,14-15,11,0.10784313725490197,57,0.11198428290766209,0.004141145652760123
2,1.00,val,16-17,8,0.0784313725490196,37,0.07269155206286837,0.005739820486151237
2,1.00,val,18-19,4,0.0392156862745098,20,0.03929273084479371,7.704457028390871e-05
2,1.00,val,20-21,5,0.049019607843137254,24,0.047151277013752456,0.0018683308293847983
2,1.00,val,22-23,4,0.0392156862745098,22,0.043222003929273084,0.004006317654763281
2,1.00,val,24-25,3,0.029411764705882353,15,0.029469548133595286,5.7783427712933266e-05
2,1.00,val,26-27,3,0.029411764705882353,17,0.03339882121807466,0.003987056512192305
2,1.00,val,28-29,4,0.0392156862745098,21,0.0412573673870334,0.002041681112523598
2,1.00,val,30-31,2,0.0196078431372549,11,0.021611001964636542,0.0020031588273816403
2,1.00,val,32-33,4,0.0392156862745098,18,0.03536345776031434,0.003852228514195463
2,1.00,val,34-35,5,0.049019607843137254,22,0.043222003929273084,0.00579760391386417
2,1.00,val,36-37,4,0.0392156862745098,20,0.03929273084479371,7.704457028390871e-05
2,1.00,val,38-39,3,0.029411764705882353,13,0.025540275049115914,0.0038714896567664386
2,1.00,val,40-41,3,0.029411764705882353,14,0.0275049115913556,0.0019068531145267527
2,1.00,val,42-43,5,0.049019607843137254,23,0.04518664047151277,0.003832967371624481
2,1.00,val,44-45,2,0.0196078431372549,12,0.023575638506876228,0.003967795369621326
2,1.00,val,46-47,3,0.029411764705882353,17,0.03339882121807466,0.003987056512192305
2,1.00,val,48-49,3,0.029411764705882353,14,0.0275049115913556,0.0019068531145267527
2,1.00,val,50,2,0.0196078431372549,10,0.019646365422396856,3.8522285141954354e-05
2,1.00,val,51-55,7,0.06862745098039216,33,0.06483300589390963,0.003794445086482537
2,1.00,val,56-60,5,0.049019607843137254,28,0.0550098231827112,0.0059902153395739455
2,1.00,val,61-65,1,0.00980392156862745,2,0.003929273084479371,0.00587464848414808
2,1.00,val,66-67,0,0.0,1,0.0019646365422396855,0.0019646365422396855
3,0.01,overall,10-11,21,0.0412573673870334,21,0.0412573673870334,0.0
3,0.01,overall,12-13,37,0.07269155206286837,37,0.07269155206286837,0.0
3,0.01,overall,14-15,57,0.11198428290766209,57,0.11198428290766209,0.0
3,0.01,overall,16-17,37,0.07269155206286837,37,0.07269155206286837,0.0
3,0.01,overall,18-19,20,0.03929273084479371,20,0.03929273084479371,0.0
3,0.01,overall,20-21,24,0.047151277013752456,24,0.047151277013752456,0.0
3,0.01,overall,22-23,22,0.043222003929273084,22,0.043222003929273084,0.0
3,0.01,overall,24-25,15,0.029469548133595286,15,0.029469548133595286,0.0
3,0.01,overall,26-27,17,0.03339882121807466,17,0.03339882121807466,0.0
3,0.01,overall,28-29,21,0.0412573673870334,21,0.0412573673870334,0.0
3,0.01,overall,30-31,11,0.021611001964636542,11,0.021611001964636542,0.0
3,0.01,overall,32-33,18,0.03536345776031434,18,0.03536345776031434,0.0
3,0.01,overall,34-35,22,0.043222003929273084,22,0.043222003929273084,0.0
3,0.01,overall,36-37,20,0.03929273084479371,20,0.03929273084479371,0.0
3,0.01,overall,38-39,13,0.025540275049115914,13,0.025540275049115914,0.0
3,0.01,overall,40-41,14,0.0275049115913556,14,0.0275049115913556,0.0
3,0.01,overall,42-43,23,0.04518664047151277,23,0.04518664047151277,0.0
3,0.01,overall,44-45,12,0.023575638506876228,12,0.023575638506876228,0.0
3,0.01,overall,46-47,17,0.03339882121807466,17,0.03339882121807466,0.0
3,0.01,overall,48-49,14,0.0275049115913556,14,0.0275049115913556,0.0
3,0.01,overall,50,10,0.019646365422396856,10,0.019646365422396856,0.0
3,0.01,overall,51-55,33,0.06483300589390963,33,0.06483300589390963,0.0
3,0.01,overall,56-60,28,0.0550098231827112,28,0.0550098231827112,0.0
3,0.01,overall,61-65,2,0.003929273084479371,2,0.003929273084479371,0.0
3,0.01,overall,66-67,1,0.0019646365422396855,1,0.0019646365422396855,0.0
3,0.01,train_pool,10-11,17,0.04176904176904177,21,0.0412573673870334,0.0005116743820083661
3,0.01,train_pool,12-13,30,0.07371007371007371,37,0.07269155206286837,0.0010185216472053393
3,0.01,train_pool,14-15,46,0.11302211302211303,57,0.11198428290766209,0.0010378301144509383
3,0.01,train_pool,16-17,29,0.07125307125307126,37,0.07269155206286837,0.0014384808097971102
3,0.01,train_pool,18-19,16,0.03931203931203931,20,0.03929273084479371,1.930846724559898e-05
3,0.01,train_pool,20-21,19,0.04668304668304668,24,0.047151277013752456,0.0004682303307057753
3,0.01,train_pool,22-23,17,0.04176904176904177,22,0.043222003929273084,0.0014529621602313164
3,0.01,train_pool,24-25,12,0.029484029484029485,15,0.029469548133595286,1.4481350434199236e-05
3,0.01,train_pool,26-27,14,0.0343980343980344,17,0.03339882121807466,0.0009992131799597403
3,0.01,train_pool,28-29,17,0.04176904176904177,21,0.0412573673870334,0.0005116743820083661
3,0.01,train_pool,30-31,8,0.019656019656019656,11,0.021611001964636542,0.0019549823086168865
3,0.01,train_pool,32-33,14,0.0343980343980344,18,0.03536345776031434,0.0009654233622799421
3,0.01,train_pool,34-35,18,0.044226044226044224,22,0.043222003929273084,0.00100404029677114
3,0.01,train_pool,36-37,16,0.03931203931203931,20,0.03929273084479371,1.930846724559898e-05
3,0.01,train_pool,38-39,10,0.02457002457002457,13,0.025540275049115914,0.0009702504790913453
3,0.01,train_pool,40-41,11,0.02702702702702703,14,0.0275049115913556,0.0004778845643285713
3,0.01,train_pool,42-43,18,0.044226044226044224,23,0.04518664047151277,0.0009605962454685493
3,0.01,train_pool,44-45,10,0.02457002457002457,12,0.023575638506876228,0.0009943860631483406
3,0.01,train_pool,46-47,14,0.0343980343980344,17,0.03339882121807466,0.0009992131799597403
3,0.01,train_pool,48-49,12,0.029484029484029485,14,0.0275049115913556,0.001979117892673885
3,0.01,train_pool,50,8,0.019656019656019656,10,0.019646365422396856,9.65423362279949e-06
3,0.01,train_pool,51-55,26,0.06388206388206388,33,0.06483300589390963,0.0009509420118457429
3,0.01,train_pool,56-60,23,0.056511056511056514,28,0.0550098231827112,0.0015012333283453139
3,0.01,train_pool,61-65,1,0.002457002457002457,2,0.003929273084479371,0.001472270627476914
3,0.01,train_pool,66-67,1,0.002457002457002457,1,0.0019646365422396855,0.0004923659147627714
3,0.01,train_fraction,10-11,0,0.0,21,0.0412573673870334,0.0412573673870334
3,0.01,train_fraction,12-13,1,0.25,37,0.07269155206286837,0.17730844793713163
3,0.01,train_fraction,14-15,0,0.0,57,0.11198428290766209,0.11198428290766209
3,0.01,train_fraction,16-17,0,0.0,37,0.07269155206286837,0.07269155206286837
3,0.01,train_fraction,18-19,0,0.0,20,0.03929273084479371,0.03929273084479371
3,0.01,train_fraction,20-21,0,0.0,24,0.047151277013752456,0.047151277013752456
3,0.01,train_fraction,22-23,0,0.0,22,0.043222003929273084,0.043222003929273084
3,0.01,train_fraction,24-25,0,0.0,15,0.029469548133595286,0.029469548133595286
3,0.01,train_fraction,26-27,0,0.0,17,0.03339882121807466,0.03339882121807466
3,0.01,train_fraction,28-29,0,0.0,21,0.0412573673870334,0.0412573673870334
3,0.01,train_fraction,30-31,0,0.0,11,0.021611001964636542,0.021611001964636542
3,0.01,train_fraction,32-33,0,0.0,18,0.03536345776031434,0.03536345776031434
3,0.01,train_fraction,34-35,1,0.25,22,0.043222003929273084,0.20677799607072692
3,0.01,train_fraction,36-37,0,0.0,20,0.03929273084479371,0.03929273084479371
3,0.01,train_fraction,38-39,0,0.0,13,0.025540275049115914,0.025540275049115914
3,0.01,train_fraction,40-41,0,0.0,14,0.0275049115913556,0.0275049115913556
3,0.01,train_fraction,42-43,0,0.0,23,0.04518664047151277,0.04518664047151277
3,0.01,train_fraction,44-45,0,0.0,12,0.023575638506876228,0.023575638506876228
3,0.01,train_fraction,46-47,1,0.25,17,0.03339882121807466,0.21660117878192534
3,0.01,train_fraction,48-49,0,0.0,14,0.0275049115913556,0.0275049115913556
3,0.01,train_fraction,50,1,0.25,10,0.019646365422396856,0.23035363457760313
3,0.01,train_fraction,51-55,0,0.0,33,0.06483300589390963,0.06483300589390963
3,0.01,train_fraction,56-60,0,0.0,28,0.0550098231827112,0.0550098231827112
3,0.01,train_fraction,61-65,0,0.0,2,0.003929273084479371,0.003929273084479371
3,0.01,train_fraction,66-67,0,0.0,1,0.0019646365422396855,0.0019646365422396855
3,0.01,val,10-11,4,0.0392156862745098,21,0.0412573673870334,0.002041681112523598
3,0.01,val,12-13,7,0.06862745098039216,37,0.07269155206286837,0.004064101082476207
3,0.01,val,14-15,11,0.10784313725490197,57,0.11198428290766209,0.004141145652760123
3,0.01,val,16-17,8,0.0784313725490196,37,0.07269155206286837,0.005739820486151237
3,0.01,val,18-19,4,0.0392156862745098,20,0.03929273084479371,7.704457028390871e-05
3,0.01,val,20-21,5,0.049019607843137254,24,0.047151277013752456,0.0018683308293847983
3,0.01,val,22-23,5,0.049019607843137254,22,0.043222003929273084,0.00579760391386417
3,0.01,val,24-25,3,0.029411764705882353,15,0.029469548133595286,5.7783427712933266e-05
3,0.01,val,26-27,3,0.029411764705882353,17,0.03339882121807466,0.003987056512192305
3,0.01,val,28-29,4,0.0392156862745098,21,0.0412573673870334,0.002041681112523598
3,0.01,val,30-31,3,0.029411764705882353,11,0.021611001964636542,0.0078007627412458105
3,0.01,val,32-33,4,0.0392156862745098,18,0.03536345776031434,0.003852228514195463
3,0.01,val,34-35,4,0.0392156862745098,22,0.043222003929273084,0.004006317654763281
3,0.01,val,36-37,4,0.0392156862745098,20,0.03929273084479371,7.704457028390871e-05
3,0.01,val,38-39,3,0.029411764705882353,13,0.025540275049115914,0.0038714896567664386
3,0.01,val,40-41,3,0.029411764705882353,14,0.0275049115913556,0.0019068531145267527
3,0.01,val,42-43,5,0.049019607843137254,23,0.04518664047151277,0.003832967371624481
3,0.01,val,44-45,2,0.0196078431372549,12,0.023575638506876228,0.003967795369621326
3,0.01,val,46-47,3,0.029411764705882353,17,0.03339882121807466,0.003987056512192305
3,0.01,val,48-49,2,0.0196078431372549,14,0.0275049115913556,0.007897068454100698
3,0.01,val,50,2,0.0196078431372549,10,0.019646365422396856,3.8522285141954354e-05
3,0.01,val,51-55,7,0.06862745098039216,33,0.06483300589390963,0.003794445086482537
3,0.01,val,56-60,5,0.049019607843137254,28,0.0550098231827112,0.0059902153395739455
3,0.01,val,61-65,1,0.00980392156862745,2,0.003929273084479371,0.00587464848414808
3,0.01,val,66-67,0,0.0,1,0.0019646365422396855,0.0019646365422396855
3,0.05,overall,10-11,21,0.0412573673870334,21,0.0412573673870334,0.0
3,0.05,overall,12-13,37,0.07269155206286837,37,0.07269155206286837,0.0
3,0.05,overall,14-15,57,0.11198428290766209,57,0.11198428290766209,0.0
3,0.05,overall,16-17,37,0.07269155206286837,37,0.07269155206286837,0.0
3,0.05,overall,18-19,20,0.03929273084479371,20,0.03929273084479371,0.0
3,0.05,overall,20-21,24,0.047151277013752456,24,0.047151277013752456,0.0
3,0.05,overall,22-23,22,0.043222003929273084,22,0.043222003929273084,0.0
3,0.05,overall,24-25,15,0.029469548133595286,15,0.029469548133595286,0.0
3,0.05,overall,26-27,17,0.03339882121807466,17,0.03339882121807466,0.0
3,0.05,overall,28-29,21,0.0412573673870334,21,0.0412573673870334,0.0
3,0.05,overall,30-31,11,0.021611001964636542,11,0.021611001964636542,0.0
3,0.05,overall,32-33,18,0.03536345776031434,18,0.03536345776031434,0.0
3,0.05,overall,34-35,22,0.043222003929273084,22,0.043222003929273084,0.0
3,0.05,overall,36-37,20,0.03929273084479371,20,0.03929273084479371,0.0
3,0.05,overall,38-39,13,0.025540275049115914,13,0.025540275049115914,0.0
3,0.05,overall,40-41,14,0.0275049115913556,14,0.0275049115913556,0.0
3,0.05,overall,42-43,23,0.04518664047151277,23,0.04518664047151277,0.0
3,0.05,overall,44-45,12,0.023575638506876228,12,0.023575638506876228,0.0
3,0.05,overall,46-47,17,0.03339882121807466,17,0.03339882121807466,0.0
3,0.05,overall,48-49,14,0.0275049115913556,14,0.0275049115913556,0.0
3,0.05,overall,50,10,0.019646365422396856,10,0.019646365422396856,0.0
3,0.05,overall,51-55,33,0.06483300589390963,33,0.06483300589390963,0.0
3,0.05,overall,56-60,28,0.0550098231827112,28,0.0550098231827112,0.0
3,0.05,overall,61-65,2,0.003929273084479371,2,0.003929273084479371,0.0
3,0.05,overall,66-67,1,0.0019646365422396855,1,0.0019646365422396855,0.0
3,0.05,train_pool,10-11,17,0.04176904176904177,21,0.0412573673870334,0.0005116743820083661
3,0.05,train_pool,12-13,30,0.07371007371007371,37,0.07269155206286837,0.0010185216472053393
3,0.05,train_pool,14-15,46,0.11302211302211303,57,0.11198428290766209,0.0010378301144509383
3,0.05,train_pool,16-17,29,0.07125307125307126,37,0.07269155206286837,0.0014384808097971102
3,0.05,train_pool,18-19,16,0.03931203931203931,20,0.03929273084479371,1.930846724559898e-05
3,0.05,train_pool,20-21,19,0.04668304668304668,24,0.047151277013752456,0.0004682303307057753
3,0.05,train_pool,22-23,17,0.04176904176904177,22,0.043222003929273084,0.0014529621602313164
3,0.05,train_pool,24-25,12,0.029484029484029485,15,0.029469548133595286,1.4481350434199236e-05
3,0.05,train_pool,26-27,14,0.0343980343980344,17,0.03339882121807466,0.0009992131799597403
3,0.05,train_pool,28-29,17,0.04176904176904177,21,0.0412573673870334,0.0005116743820083661
3,0.05,train_pool,30-31,8,0.019656019656019656,11,0.021611001964636542,0.0019549823086168865
3,0.05,train_pool,32-33,14,0.0343980343980344,18,0.03536345776031434,0.0009654233622799421
3,0.05,train_pool,34-35,18,0.044226044226044224,22,0.043222003929273084,0.00100404029677114
3,0.05,train_pool,36-37,16,0.03931203931203931,20,0.03929273084479371,1.930846724559898e-05
3,0.05,train_pool,38-39,10,0.02457002457002457,13,0.025540275049115914,0.0009702504790913453
3,0.05,train_pool,40-41,11,0.02702702702702703,14,0.0275049115913556,0.0004778845643285713
3,0.05,train_pool,42-43,18,0.044226044226044224,23,0.04518664047151277,0.0009605962454685493
3,0.05,train_pool,44-45,10,0.02457002457002457,12,0.023575638506876228,0.0009943860631483406
3,0.05,train_pool,46-47,14,0.0343980343980344,17,0.03339882121807466,0.0009992131799597403
3,0.05,train_pool,48-49,12,0.029484029484029485,14,0.0275049115913556,0.001979117892673885
3,0.05,train_pool,50,8,0.019656019656019656,10,0.019646365422396856,9.65423362279949e-06
3,0.05,train_pool,51-55,26,0.06388206388206388,33,0.06483300589390963,0.0009509420118457429
3,0.05,train_pool,56-60,23,0.056511056511056514,28,0.0550098231827112,0.0015012333283453139
3,0.05,train_pool,61-65,1,0.002457002457002457,2,0.003929273084479371,0.001472270627476914
3,0.05,train_pool,66-67,1,0.002457002457002457,1,0.0019646365422396855,0.0004923659147627714
3,0.05,train_fraction,10-11,1,0.05,21,0.0412573673870334,0.008742632612966601
3,0.05,train_fraction,12-13,1,0.05,37,0.07269155206286837,0.022691552062868367
3,0.05,train_fraction,14-15,2,0.1,57,0.11198428290766209,0.011984282907662083
3,0.05,train_fraction,16-17,2,0.1,37,0.07269155206286837,0.027308447937131636
3,0.05,train_fraction,18-19,0,0.0,20,0.03929273084479371,0.03929273084479371
3,0.05,train_fraction,20-21,0,0.0,24,0.047151277013752456,0.047151277013752456
3,0.05,train_fraction,22-23,0,0.0,22,0.043222003929273084,0.043222003929273084
3,0.05,train_fraction,24-25,0,0.0,15,0.029469548133595286,0.029469548133595286
3,0.05,train_fraction,26-27,1,0.05,17,0.03339882121807466,0.016601178781925345
3,0.05,train_fraction,28-29,0,0.0,21,0.0412573673870334,0.0412573673870334
3,0.05,train_fraction,30-31,0,0.0,11,0.021611001964636542,0.021611001964636542
3,0.05,train_fraction,32-33,0,0.0,18,0.03536345776031434,0.03536345776031434
3,0.05,train_fraction,34-35,0,0.0,22,0.043222003929273084,0.043222003929273084
3,0.05,train_fraction,36-37,0,0.0,20,0.03929273084479371,0.03929273084479371
3,0.05,train_fraction,38-39,1,0.05,13,0.025540275049115914,0.02445972495088409
3,0.05,train_fraction,40-41,2,0.1,14,0.0275049115913556,0.07249508840864441
3,0.05,train_fraction,42-43,1,0.05,23,0.04518664047151277,0.004813359528487229
3,0.05,train_fraction,44-45,2,0.1,12,0.023575638506876228,0.07642436149312377
3,0.05,train_fraction,46-47,1,0.05,17,0.03339882121807466,0.016601178781925345
3,0.05,train_fraction,48-49,2,0.1,14,0.0275049115913556,0.07249508840864441
3,0.05,train_fraction,50,0,0.0,10,0.019646365422396856,0.019646365422396856
3,0.05,train_fraction,51-55,4,0.2,33,0.06483300589390963,0.1351669941060904
3,0.05,train_fraction,56-60,0,0.0,28,0.0550098231827112,0.0550098231827112
3,0.05,train_fraction,61-65,0,0.0,2,0.003929273084479371,0.003929273084479371
3,0.05,train_fraction,66-67,0,0.0,1,0.0019646365422396855,0.0019646365422396855
3,0.05,val,10-11,4,0.0392156862745098,21,0.0412573673870334,0.002041681112523598
3,0.05,val,12-13,7,0.06862745098039216,37,0.07269155206286837,0.004064101082476207
3,0.05,val,14-15,11,0.10784313725490197,57,0.11198428290766209,0.004141145652760123
3,0.05,val,16-17,8,0.0784313725490196,37,0.07269155206286837,0.005739820486151237
3,0.05,val,18-19,4,0.0392156862745098,20,0.03929273084479371,7.704457028390871e-05
3,0.05,val,20-21,5,0.049019607843137254,24,0.047151277013752456,0.0018683308293847983
3,0.05,val,22-23,5,0.049019607843137254,22,0.043222003929273084,0.00579760391386417
3,0.05,val,24-25,3,0.029411764705882353,15,0.029469548133595286,5.7783427712933266e-05
3,0.05,val,26-27,3,0.029411764705882353,17,0.03339882121807466,0.003987056512192305
3,0.05,val,28-29,4,0.0392156862745098,21,0.0412573673870334,0.002041681112523598
3,0.05,val,30-31,3,0.029411764705882353,11,0.021611001964636542,0.0078007627412458105
3,0.05,val,32-33,4,0.0392156862745098,18,0.03536345776031434,0.003852228514195463
3,0.05,val,34-35,4,0.0392156862745098,22,0.043222003929273084,0.004006317654763281
3,0.05,val,36-37,4,0.0392156862745098,20,0.03929273084479371,7.704457028390871e-05
3,0.05,val,38-39,3,0.029411764705882353,13,0.025540275049115914,0.0038714896567664386
3,0.05,val,40-41,3,0.029411764705882353,14,0.0275049115913556,0.0019068531145267527
3,0.05,val,42-43,5,0.049019607843137254,23,0.04518664047151277,0.003832967371624481
3,0.05,val,44-45,2,0.0196078431372549,12,0.023575638506876228,0.003967795369621326
3,0.05,val,46-47,3,0.029411764705882353,17,0.03339882121807466,0.003987056512192305
3,0.05,val,48-49,2,0.0196078431372549,14,0.0275049115913556,0.007897068454100698
3,0.05,val,50,2,0.0196078431372549,10,0.019646365422396856,3.8522285141954354e-05
3,0.05,val,51-55,7,0.06862745098039216,33,0.06483300589390963,0.003794445086482537
3,0.05,val,56-60,5,0.049019607843137254,28,0.0550098231827112,0.0059902153395739455
3,0.05,val,61-65,1,0.00980392156862745,2,0.003929273084479371,0.00587464848414808
3,0.05,val,66-67,0,0.0,1,0.0019646365422396855,0.0019646365422396855
3,0.10,overall,10-11,21,0.0412573673870334,21,0.0412573673870334,0.0
3,0.10,overall,12-13,37,0.07269155206286837,37,0.07269155206286837,0.0
3,0.10,overall,14-15,57,0.11198428290766209,57,0.11198428290766209,0.0
3,0.10,overall,16-17,37,0.07269155206286837,37,0.07269155206286837,0.0
3,0.10,overall,18-19,20,0.03929273084479371,20,0.03929273084479371,0.0
3,0.10,overall,20-21,24,0.047151277013752456,24,0.047151277013752456,0.0
3,0.10,overall,22-23,22,0.043222003929273084,22,0.043222003929273084,0.0
3,0.10,overall,24-25,15,0.029469548133595286,15,0.029469548133595286,0.0
3,0.10,overall,26-27,17,0.03339882121807466,17,0.03339882121807466,0.0
3,0.10,overall,28-29,21,0.0412573673870334,21,0.0412573673870334,0.0
3,0.10,overall,30-31,11,0.021611001964636542,11,0.021611001964636542,0.0
3,0.10,overall,32-33,18,0.03536345776031434,18,0.03536345776031434,0.0
3,0.10,overall,34-35,22,0.043222003929273084,22,0.043222003929273084,0.0
3,0.10,overall,36-37,20,0.03929273084479371,20,0.03929273084479371,0.0
3,0.10,overall,38-39,13,0.025540275049115914,13,0.025540275049115914,0.0
3,0.10,overall,40-41,14,0.0275049115913556,14,0.0275049115913556,0.0
3,0.10,overall,42-43,23,0.04518664047151277,23,0.04518664047151277,0.0
3,0.10,overall,44-45,12,0.023575638506876228,12,0.023575638506876228,0.0
3,0.10,overall,46-47,17,0.03339882121807466,17,0.03339882121807466,0.0
3,0.10,overall,48-49,14,0.0275049115913556,14,0.0275049115913556,0.0
3,0.10,overall,50,10,0.019646365422396856,10,0.019646365422396856,0.0
3,0.10,overall,51-55,33,0.06483300589390963,33,0.06483300589390963,0.0
3,0.10,overall,56-60,28,0.0550098231827112,28,0.0550098231827112,0.0
3,0.10,overall,61-65,2,0.003929273084479371,2,0.003929273084479371,0.0
3,0.10,overall,66-67,1,0.0019646365422396855,1,0.0019646365422396855,0.0
3,0.10,train_pool,10-11,17,0.04176904176904177,21,0.0412573673870334,0.0005116743820083661
3,0.10,train_pool,12-13,30,0.07371007371007371,37,0.07269155206286837,0.0010185216472053393
3,0.10,train_pool,14-15,46,0.11302211302211303,57,0.11198428290766209,0.0010378301144509383
3,0.10,train_pool,16-17,29,0.07125307125307126,37,0.07269155206286837,0.0014384808097971102
3,0.10,train_pool,18-19,16,0.03931203931203931,20,0.03929273084479371,1.930846724559898e-05
3,0.10,train_pool,20-21,19,0.04668304668304668,24,0.047151277013752456,0.0004682303307057753
3,0.10,train_pool,22-23,17,0.04176904176904177,22,0.043222003929273084,0.0014529621602313164
3,0.10,train_pool,24-25,12,0.029484029484029485,15,0.029469548133595286,1.4481350434199236e-05
3,0.10,train_pool,26-27,14,0.0343980343980344,17,0.03339882121807466,0.0009992131799597403
3,0.10,train_pool,28-29,17,0.04176904176904177,21,0.0412573673870334,0.0005116743820083661
3,0.10,train_pool,30-31,8,0.019656019656019656,11,0.021611001964636542,0.0019549823086168865
3,0.10,train_pool,32-33,14,0.0343980343980344,18,0.03536345776031434,0.0009654233622799421
3,0.10,train_pool,34-35,18,0.044226044226044224,22,0.043222003929273084,0.00100404029677114
3,0.10,train_pool,36-37,16,0.03931203931203931,20,0.03929273084479371,1.930846724559898e-05
3,0.10,train_pool,38-39,10,0.02457002457002457,13,0.025540275049115914,0.0009702504790913453
3,0.10,train_pool,40-41,11,0.02702702702702703,14,0.0275049115913556,0.0004778845643285713
3,0.10,train_pool,42-43,18,0.044226044226044224,23,0.04518664047151277,0.0009605962454685493
3,0.10,train_pool,44-45,10,0.02457002457002457,12,0.023575638506876228,0.0009943860631483406
3,0.10,train_pool,46-47,14,0.0343980343980344,17,0.03339882121807466,0.0009992131799597403
3,0.10,train_pool,48-49,12,0.029484029484029485,14,0.0275049115913556,0.001979117892673885
3,0.10,train_pool,50,8,0.019656019656019656,10,0.019646365422396856,9.65423362279949e-06
3,0.10,train_pool,51-55,26,0.06388206388206388,33,0.06483300589390963,0.0009509420118457429
3,0.10,train_pool,56-60,23,0.056511056511056514,28,0.0550098231827112,0.0015012333283453139
3,0.10,train_pool,61-65,1,0.002457002457002457,2,0.003929273084479371,0.001472270627476914
3,0.10,train_pool,66-67,1,0.002457002457002457,1,0.0019646365422396855,0.0004923659147627714
3,0.10,train_fraction,10-11,2,0.04878048780487805,21,0.0412573673870334,0.007523120417844649
3,0.10,train_fraction,12-13,3,0.07317073170731707,37,0.07269155206286837,0.000479179644448699
3,0.10,train_fraction,14-15,5,0.12195121951219512,57,0.11198428290766209,0.00996693660453303
3,0.10,train_fraction,16-17,3,0.07317073170731707,37,0.07269155206286837,0.000479179644448699
3,0.10,train_fraction,18-19,1,0.024390243902439025,20,0.03929273084479371,0.014902486942354687
3,0.10,train_fraction,20-21,2,0.04878048780487805,24,0.047151277013752456,0.0016292107911255946
3,0.10,train_fraction,22-23,2,0.04878048780487805,22,0.043222003929273084,0.0055584838756049665
3,0.10,train_fraction,24-25,1,0.024390243902439025,15,0.029469548133595286,0.0050793042311562606
3,0.10,train_fraction,26-27,1,0.024390243902439025,17,0.03339882121807466,0.009008577315635632
3,0.10,train_fraction,28-29,2,0.04878048780487805,21,0.0412573673870334,0.007523120417844649
3,0.10,train_fraction,30-31,1,0.024390243902439025,11,0.021611001964636542,0.0027792419378024832
3,0.10,train_fraction,32-33,1,0.024390243902439025,18,0.03536345776031434,0.010973213857875315
3,0.10,train_fraction,34-35,2,0.04878048780487805,22,0.043222003929273084,0.0055584838756049665
3,0.10,train_fraction,36-37,1,0.024390243902439025,20,0.03929273084479371,0.014902486942354687
3,0.10,train_fraction,38-39,1,0.024390243902439025,13,0.025540275049115914,0.0011500311466768887
3,0.10,train_fraction,40-41,1,0.024390243902439025,14,0.0275049115913556,0.0031146676889165746
3,0.10,train_fraction,42-43,2,0.04878048780487805,23,0.04518664047151277,0.003593847333365277
3,0.10,train_fraction,44-45,1,0.024390243902439025,12,0.023575638506876228,0.0008146053955627973
3,0.10,train_fraction,46-47,1,0.024390243902439025,17,0.03339882121807466,0.009008577315635632
3,0.10,train_fraction,48-49,1,0.024390243902439025,14,0.0275049115913556,0.0031146676889165746
3,0.10,train_fraction,50,1,0.024390243902439025,10,0.019646365422396856,0.004743878480042169
3,0.10,train_fraction,51-55,2,0.04878048780487805,33,0.06483300589390963,0.016052518089031576
3,0.10,train_fraction,56-60,2,0.04878048780487805,28,0.0550098231827112,0.006229335377833149
3,0.10,train_fraction,61-65,1,0.024390243902439025,2,0.003929273084479371,0.020460970817959653
3,0.10,train_fraction,66-67,1,0.024390243902439025,1,0.0019646365422396855,0.02242560736019934
3,0.10,val,10-11,4,0.0392156862745098,21,0.0412573673870334,0.002041681112523598
3,0.10,val,12-13,7,0.06862745098039216,37,0.07269155206286837,0.004064101082476207
3,0.10,val,14-15,11,0.10784313725490197,57,0.11198428290766209,0.004141145652760123
3,0.10,val,16-17,8,0.0784313725490196,37,0.07269155206286837,0.005739820486151237
3,0.10,val,18-19,4,0.0392156862745098,20,0.03929273084479371,7.704457028390871e-05
3,0.10,val,20-21,5,0.049019607843137254,24,0.047151277013752456,0.0018683308293847983
3,0.10,val,22-23,5,0.049019607843137254,22,0.043222003929273084,0.00579760391386417
3,0.10,val,24-25,3,0.029411764705882353,15,0.029469548133595286,5.7783427712933266e-05
3,0.10,val,26-27,3,0.029411764705882353,17,0.03339882121807466,0.003987056512192305
3,0.10,val,28-29,4,0.0392156862745098,21,0.0412573673870334,0.002041681112523598
3,0.10,val,30-31,3,0.029411764705882353,11,0.021611001964636542,0.0078007627412458105
3,0.10,val,32-33,4,0.0392156862745098,18,0.03536345776031434,0.003852228514195463
3,0.10,val,34-35,4,0.0392156862745098,22,0.043222003929273084,0.004006317654763281
3,0.10,val,36-37,4,0.0392156862745098,20,0.03929273084479371,7.704457028390871e-05
3,0.10,val,38-39,3,0.029411764705882353,13,0.025540275049115914,0.0038714896567664386
3,0.10,val,40-41,3,0.029411764705882353,14,0.0275049115913556,0.0019068531145267527
3,0.10,val,42-43,5,0.049019607843137254,23,0.04518664047151277,0.003832967371624481
3,0.10,val,44-45,2,0.0196078431372549,12,0.023575638506876228,0.003967795369621326
3,0.10,val,46-47,3,0.029411764705882353,17,0.03339882121807466,0.003987056512192305
3,0.10,val,48-49,2,0.0196078431372549,14,0.0275049115913556,0.007897068454100698
3,0.10,val,50,2,0.0196078431372549,10,0.019646365422396856,3.8522285141954354e-05
3,0.10,val,51-55,7,0.06862745098039216,33,0.06483300589390963,0.003794445086482537
3,0.10,val,56-60,5,0.049019607843137254,28,0.0550098231827112,0.0059902153395739455
3,0.10,val,61-65,1,0.00980392156862745,2,0.003929273084479371,0.00587464848414808
3,0.10,val,66-67,0,0.0,1,0.0019646365422396855,0.0019646365422396855
3,0.25,overall,10-11,21,0.0412573673870334,21,0.0412573673870334,0.0
3,0.25,overall,12-13,37,0.07269155206286837,37,0.07269155206286837,0.0
3,0.25,overall,14-15,57,0.11198428290766209,57,0.11198428290766209,0.0
3,0.25,overall,16-17,37,0.07269155206286837,37,0.07269155206286837,0.0
3,0.25,overall,18-19,20,0.03929273084479371,20,0.03929273084479371,0.0
3,0.25,overall,20-21,24,0.047151277013752456,24,0.047151277013752456,0.0
3,0.25,overall,22-23,22,0.043222003929273084,22,0.043222003929273084,0.0
3,0.25,overall,24-25,15,0.029469548133595286,15,0.029469548133595286,0.0
3,0.25,overall,26-27,17,0.03339882121807466,17,0.03339882121807466,0.0
3,0.25,overall,28-29,21,0.0412573673870334,21,0.0412573673870334,0.0
3,0.25,overall,30-31,11,0.021611001964636542,11,0.021611001964636542,0.0
3,0.25,overall,32-33,18,0.03536345776031434,18,0.03536345776031434,0.0
3,0.25,overall,34-35,22,0.043222003929273084,22,0.043222003929273084,0.0
3,0.25,overall,36-37,20,0.03929273084479371,20,0.03929273084479371,0.0
3,0.25,overall,38-39,13,0.025540275049115914,13,0.025540275049115914,0.0
3,0.25,overall,40-41,14,0.0275049115913556,14,0.0275049115913556,0.0
3,0.25,overall,42-43,23,0.04518664047151277,23,0.04518664047151277,0.0
3,0.25,overall,44-45,12,0.023575638506876228,12,0.023575638506876228,0.0
3,0.25,overall,46-47,17,0.03339882121807466,17,0.03339882121807466,0.0
3,0.25,overall,48-49,14,0.0275049115913556,14,0.0275049115913556,0.0
3,0.25,overall,50,10,0.019646365422396856,10,0.019646365422396856,0.0
3,0.25,overall,51-55,33,0.06483300589390963,33,0.06483300589390963,0.0
3,0.25,overall,56-60,28,0.0550098231827112,28,0.0550098231827112,0.0
3,0.25,overall,61-65,2,0.003929273084479371,2,0.003929273084479371,0.0
3,0.25,overall,66-67,1,0.0019646365422396855,1,0.0019646365422396855,0.0
3,0.25,train_pool,10-11,17,0.04176904176904177,21,0.0412573673870334,0.0005116743820083661
3,0.25,train_pool,12-13,30,0.07371007371007371,37,0.07269155206286837,0.0010185216472053393
3,0.25,train_pool,14-15,46,0.11302211302211303,57,0.11198428290766209,0.0010378301144509383
3,0.25,train_pool,16-17,29,0.07125307125307126,37,0.07269155206286837,0.0014384808097971102
3,0.25,train_pool,18-19,16,0.03931203931203931,20,0.03929273084479371,1.930846724559898e-05
3,0.25,train_pool,20-21,19,0.04668304668304668,24,0.047151277013752456,0.0004682303307057753
3,0.25,train_pool,22-23,17,0.04176904176904177,22,0.043222003929273084,0.0014529621602313164
3,0.25,train_pool,24-25,12,0.029484029484029485,15,0.029469548133595286,1.4481350434199236e-05
3,0.25,train_pool,26-27,14,0.0343980343980344,17,0.03339882121807466,0.0009992131799597403
3,0.25,train_pool,28-29,17,0.04176904176904177,21,0.0412573673870334,0.0005116743820083661
3,0.25,train_pool,30-31,8,0.019656019656019656,11,0.021611001964636542,0.0019549823086168865
3,0.25,train_pool,32-33,14,0.0343980343980344,18,0.03536345776031434,0.0009654233622799421
3,0.25,train_pool,34-35,18,0.044226044226044224,22,0.043222003929273084,0.00100404029677114
3,0.25,train_pool,36-37,16,0.03931203931203931,20,0.03929273084479371,1.930846724559898e-05
3,0.25,train_pool,38-39,10,0.02457002457002457,13,0.025540275049115914,0.0009702504790913453
3,0.25,train_pool,40-41,11,0.02702702702702703,14,0.0275049115913556,0.0004778845643285713
3,0.25,train_pool,42-43,18,0.044226044226044224,23,0.04518664047151277,0.0009605962454685493
3,0.25,train_pool,44-45,10,0.02457002457002457,12,0.023575638506876228,0.0009943860631483406
3,0.25,train_pool,46-47,14,0.0343980343980344,17,0.03339882121807466,0.0009992131799597403
3,0.25,train_pool,48-49,12,0.029484029484029485,14,0.0275049115913556,0.001979117892673885
3,0.25,train_pool,50,8,0.019656019656019656,10,0.019646365422396856,9.65423362279949e-06
3,0.25,train_pool,51-55,26,0.06388206388206388,33,0.06483300589390963,0.0009509420118457429
3,0.25,train_pool,56-60,23,0.056511056511056514,28,0.0550098231827112,0.0015012333283453139
3,0.25,train_pool,61-65,1,0.002457002457002457,2,0.003929273084479371,0.001472270627476914
3,0.25,train_pool,66-67,1,0.002457002457002457,1,0.0019646365422396855,0.0004923659147627714
3,0.25,train_fraction,10-11,4,0.0392156862745098,21,0.0412573673870334,0.002041681112523598
3,0.25,train_fraction,12-13,7,0.06862745098039216,37,0.07269155206286837,0.004064101082476207
3,0.25,train_fraction,14-15,10,0.09803921568627451,57,0.11198428290766209,0.01394506722138758
3,0.25,train_fraction,16-17,7,0.06862745098039216,37,0.07269155206286837,0.004064101082476207
3,0.25,train_fraction,18-19,3,0.029411764705882353,20,0.03929273084479371,0.00988096613891136
3,0.25,train_fraction,20-21,4,0.0392156862745098,24,0.047151277013752456,0.007935590739242653
3,0.25,train_fraction,22-23,4,0.0392156862745098,22,0.043222003929273084,0.004006317654763281
3,0.25,train_fraction,24-25,3,0.029411764705882353,15,0.029469548133595286,5.7783427712933266e-05
3,0.25,train_fraction,26-27,4,0.0392156862745098,17,0.03339882121807466,0.005816865056435146
3,0.25,train_fraction,28-29,4,0.0392156862745098,21,0.0412573673870334,0.002041681112523598
3,0.25,train_fraction,30-31,3,0.029411764705882353,11,0.021611001964636542,0.0078007627412458105
3,0.25,train_fraction,32-33,3,0.029411764705882353,18,0.03536345776031434,0.005951693054431988
3,0.25,train_fraction,34-35,5,0.049019607843137254,22,0.043222003929273084,0.00579760391386417
3,0.25,train_fraction,36-37,4,0.0392156862745098,20,0.03929273084479371,7.704457028390871e-05
3,0.25,train_fraction,38-39,2,0.0196078431372549,13,0.025540275049115914,0.005932431911861012
3,0.25,train_fraction,40-41,3,0.029411764705882353,14,0.0275049115913556,0.0019068531145267527
3,0.25,train_fraction,42-43,4,0.0392156862745098,23,0.04518664047151277,0.00597095419700297
3,0.25,train_fraction,44-45,2,0.0196078431372549,12,0.023575638506876228,0.003967795369621326
3,0.25,train_fraction,46-47,4,0.0392156862745098,17,0.03339882121807466,0.005816865056435146
3,0.25,train_fraction,48-49,4,0.0392156862745098,14,0.0275049115913556,0.011710774683154204
3,0.25,train_fraction,50,3,0.029411764705882353,10,0.019646365422396856,0.009765399283485496
3,0.25,train_fraction,51-55,7,0.06862745098039216,33,0.06483300589390963,0.003794445086482537
3,0.25,train_fraction,56-60,6,0.058823529411764705,28,0.0550098231827112,0.0038137062290535054
3,0.25,train_fraction,61-65,1,0.00980392156862745,2,0.003929273084479371,0.00587464848414808
3,0.25,train_fraction,66-67,1,0.00980392156862745,1,0.0019646365422396855,0.007839285026387765
3,0.25,val,10-11,4,0.0392156862745098,21,0.0412573673870334,0.002041681112523598
3,0.25,val,12-13,7,0.06862745098039216,37,0.07269155206286837,0.004064101082476207
3,0.25,val,14-15,11,0.10784313725490197,57,0.11198428290766209,0.004141145652760123
3,0.25,val,16-17,8,0.0784313725490196,37,0.07269155206286837,0.005739820486151237
3,0.25,val,18-19,4,0.0392156862745098,20,0.03929273084479371,7.704457028390871e-05
3,0.25,val,20-21,5,0.049019607843137254,24,0.047151277013752456,0.0018683308293847983
3,0.25,val,22-23,5,0.049019607843137254,22,0.043222003929273084,0.00579760391386417
3,0.25,val,24-25,3,0.029411764705882353,15,0.029469548133595286,5.7783427712933266e-05
3,0.25,val,26-27,3,0.029411764705882353,17,0.03339882121807466,0.003987056512192305
3,0.25,val,28-29,4,0.0392156862745098,21,0.0412573673870334,0.002041681112523598
3,0.25,val,30-31,3,0.029411764705882353,11,0.021611001964636542,0.0078007627412458105
3,0.25,val,32-33,4,0.0392156862745098,18,0.03536345776031434,0.003852228514195463
3,0.25,val,34-35,4,0.0392156862745098,22,0.043222003929273084,0.004006317654763281
3,0.25,val,36-37,4,0.0392156862745098,20,0.03929273084479371,7.704457028390871e-05
3,0.25,val,38-39,3,0.029411764705882353,13,0.025540275049115914,0.0038714896567664386
3,0.25,val,40-41,3,0.029411764705882353,14,0.0275049115913556,0.0019068531145267527
3,0.25,val,42-43,5,0.049019607843137254,23,0.04518664047151277,0.003832967371624481
3,0.25,val,44-45,2,0.0196078431372549,12,0.023575638506876228,0.003967795369621326
3,0.25,val,46-47,3,0.029411764705882353,17,0.03339882121807466,0.003987056512192305
3,0.25,val,48-49,2,0.0196078431372549,14,0.0275049115913556,0.007897068454100698
3,0.25,val,50,2,0.0196078431372549,10,0.019646365422396856,3.8522285141954354e-05
3,0.25,val,51-55,7,0.06862745098039216,33,0.06483300589390963,0.003794445086482537
3,0.25,val,56-60,5,0.049019607843137254,28,0.0550098231827112,0.0059902153395739455
3,0.25,val,61-65,1,0.00980392156862745,2,0.003929273084479371,0.00587464848414808
3,0.25,val,66-67,0,0.0,1,0.0019646365422396855,0.0019646365422396855
3,0.50,overall,10-11,21,0.0412573673870334,21,0.0412573673870334,0.0
3,0.50,overall,12-13,37,0.07269155206286837,37,0.07269155206286837,0.0
3,0.50,overall,14-15,57,0.11198428290766209,57,0.11198428290766209,0.0
3,0.50,overall,16-17,37,0.07269155206286837,37,0.07269155206286837,0.0
3,0.50,overall,18-19,20,0.03929273084479371,20,0.03929273084479371,0.0
3,0.50,overall,20-21,24,0.047151277013752456,24,0.047151277013752456,0.0
3,0.50,overall,22-23,22,0.043222003929273084,22,0.043222003929273084,0.0
3,0.50,overall,24-25,15,0.029469548133595286,15,0.029469548133595286,0.0
3,0.50,overall,26-27,17,0.03339882121807466,17,0.03339882121807466,0.0
3,0.50,overall,28-29,21,0.0412573673870334,21,0.0412573673870334,0.0
3,0.50,overall,30-31,11,0.021611001964636542,11,0.021611001964636542,0.0
3,0.50,overall,32-33,18,0.03536345776031434,18,0.03536345776031434,0.0
3,0.50,overall,34-35,22,0.043222003929273084,22,0.043222003929273084,0.0
3,0.50,overall,36-37,20,0.03929273084479371,20,0.03929273084479371,0.0
3,0.50,overall,38-39,13,0.025540275049115914,13,0.025540275049115914,0.0
3,0.50,overall,40-41,14,0.0275049115913556,14,0.0275049115913556,0.0
3,0.50,overall,42-43,23,0.04518664047151277,23,0.04518664047151277,0.0
3,0.50,overall,44-45,12,0.023575638506876228,12,0.023575638506876228,0.0
3,0.50,overall,46-47,17,0.03339882121807466,17,0.03339882121807466,0.0
3,0.50,overall,48-49,14,0.0275049115913556,14,0.0275049115913556,0.0
3,0.50,overall,50,10,0.019646365422396856,10,0.019646365422396856,0.0
3,0.50,overall,51-55,33,0.06483300589390963,33,0.06483300589390963,0.0
3,0.50,overall,56-60,28,0.0550098231827112,28,0.0550098231827112,0.0
3,0.50,overall,61-65,2,0.003929273084479371,2,0.003929273084479371,0.0
3,0.50,overall,66-67,1,0.0019646365422396855,1,0.0019646365422396855,0.0
3,0.50,train_pool,10-11,17,0.04176904176904177,21,0.0412573673870334,0.0005116743820083661
3,0.50,train_pool,12-13,30,0.07371007371007371,37,0.07269155206286837,0.0010185216472053393
3,0.50,train_pool,14-15,46,0.11302211302211303,57,0.11198428290766209,0.0010378301144509383
3,0.50,train_pool,16-17,29,0.07125307125307126,37,0.07269155206286837,0.0014384808097971102
3,0.50,train_pool,18-19,16,0.03931203931203931,20,0.03929273084479371,1.930846724559898e-05
3,0.50,train_pool,20-21,19,0.04668304668304668,24,0.047151277013752456,0.0004682303307057753
3,0.50,train_pool,22-23,17,0.04176904176904177,22,0.043222003929273084,0.0014529621602313164
3,0.50,train_pool,24-25,12,0.029484029484029485,15,0.029469548133595286,1.4481350434199236e-05
3,0.50,train_pool,26-27,14,0.0343980343980344,17,0.03339882121807466,0.0009992131799597403
3,0.50,train_pool,28-29,17,0.04176904176904177,21,0.0412573673870334,0.0005116743820083661
3,0.50,train_pool,30-31,8,0.019656019656019656,11,0.021611001964636542,0.0019549823086168865
3,0.50,train_pool,32-33,14,0.0343980343980344,18,0.03536345776031434,0.0009654233622799421
3,0.50,train_pool,34-35,18,0.044226044226044224,22,0.043222003929273084,0.00100404029677114
3,0.50,train_pool,36-37,16,0.03931203931203931,20,0.03929273084479371,1.930846724559898e-05
3,0.50,train_pool,38-39,10,0.02457002457002457,13,0.025540275049115914,0.0009702504790913453
3,0.50,train_pool,40-41,11,0.02702702702702703,14,0.0275049115913556,0.0004778845643285713
3,0.50,train_pool,42-43,18,0.044226044226044224,23,0.04518664047151277,0.0009605962454685493
3,0.50,train_pool,44-45,10,0.02457002457002457,12,0.023575638506876228,0.0009943860631483406
3,0.50,train_pool,46-47,14,0.0343980343980344,17,0.03339882121807466,0.0009992131799597403
3,0.50,train_pool,48-49,12,0.029484029484029485,14,0.0275049115913556,0.001979117892673885
3,0.50,train_pool,50,8,0.019656019656019656,10,0.019646365422396856,9.65423362279949e-06
3,0.50,train_pool,51-55,26,0.06388206388206388,33,0.06483300589390963,0.0009509420118457429
3,0.50,train_pool,56-60,23,0.056511056511056514,28,0.0550098231827112,0.0015012333283453139
3,0.50,train_pool,61-65,1,0.002457002457002457,2,0.003929273084479371,0.001472270627476914
3,0.50,train_pool,66-67,1,0.002457002457002457,1,0.0019646365422396855,0.0004923659147627714
3,0.50,train_fraction,10-11,8,0.0392156862745098,21,0.0412573673870334,0.002041681112523598
3,0.50,train_fraction,12-13,15,0.07352941176470588,37,0.07269155206286837,0.000837859701837515
3,0.50,train_fraction,14-15,24,0.11764705882352941,57,0.11198428290766209,0.005662775915867321
3,0.50,train_fraction,16-17,14,0.06862745098039216,37,0.07269155206286837,0.004064101082476207
3,0.50,train_fraction,18-19,7,0.03431372549019608,20,0.03929273084479371,0.004979005354597631
3,0.50,train_fraction,20-21,9,0.04411764705882353,24,0.047151277013752456,0.0030336299549289236
3,0.50,train_fraction,22-23,8,0.0392156862745098,22,0.043222003929273084,0.004006317654763281
3,0.50,train_fraction,24-25,6,0.029411764705882353,15,0.029469548133595286,5.7783427712933266e-05
3,0.50,train_fraction,26-27,6,0.029411764705882353,17,0.03339882121807466,0.003987056512192305
3,0.50,train_fraction,28-29,8,0.0392156862745098,21,0.0412573673870334,0.002041681112523598
3,0.50,train_fraction,30-31,4,0.0196078431372549,11,0.021611001964636542,0.0020031588273816403
3,0.50,train_fraction,32-33,8,0.0392156862745098,18,0.03536345776031434,0.003852228514195463
3,0.50,train_fraction,34-35,9,0.04411764705882353,22,0.043222003929273084,0.0008956431295504483
3,0.50,train_fraction,36-37,8,0.0392156862745098,20,0.03929273084479371,7.704457028390871e-05
3,0.50,train_fraction,38-39,5,0.024509803921568627,13,0.025540275049115914,0.0010304711275472868
3,0.50,train_fraction,40-41,5,0.024509803921568627,14,0.0275049115913556,0.0029951076697869727
3,0.50,train_fraction,42-43,9,0.04411764705882353,23,0.04518664047151277,0.0010689934126892411
3,0.50,train_fraction,44-45,6,0.029411764705882353,12,0.023575638506876228,0.005836126199006125
3,0.50,train_fraction,46-47,7,0.03431372549019608,17,0.03339882121807466,0.0009149042721214237
3,0.50,train_fraction,48-49,6,0.029411764705882353,14,0.0275049115913556,0.0019068531145267527
3,0.50,train_fraction,50,5,0.024509803921568627,10,0.019646365422396856,0.004863438499171771
3,0.50,train_fraction,51-55,13,0.06372549019607843,33,0.06483300589390963,0.001107515697831199
3,0.50,train_fraction,56-60,12,0.058823529411764705,28,0.0550098231827112,0.0038137062290535054
3,0.50,train_fraction,61-65,1,0.004901960784313725,2,0.003929273084479371,0.0009726876998343544
3,0.50,train_fraction,66-67,1,0.004901960784313725,1,0.0019646365422396855,0.00293732424207404
3,0.50,val,10-11,4,0.0392156862745098,21,0.0412573673870334,0.002041681112523598
3,0.50,val,12-13,7,0.06862745098039216,37,0.07269155206286837,0.004064101082476207
3,0.50,val,14-15,11,0.10784313725490197,57,0.11198428290766209,0.004141145652760123
3,0.50,val,16-17,8,0.0784313725490196,37,0.07269155206286837,0.005739820486151237
3,0.50,val,18-19,4,0.0392156862745098,20,0.03929273084479371,7.704457028390871e-05
3,0.50,val,20-21,5,0.049019607843137254,24,0.047151277013752456,0.0018683308293847983
3,0.50,val,22-23,5,0.049019607843137254,22,0.043222003929273084,0.00579760391386417
3,0.50,val,24-25,3,0.029411764705882353,15,0.029469548133595286,5.7783427712933266e-05
3,0.50,val,26-27,3,0.029411764705882353,17,0.03339882121807466,0.003987056512192305
3,0.50,val,28-29,4,0.0392156862745098,21,0.0412573673870334,0.002041681112523598
3,0.50,val,30-31,3,0.029411764705882353,11,0.021611001964636542,0.0078007627412458105
3,0.50,val,32-33,4,0.0392156862745098,18,0.03536345776031434,0.003852228514195463
3,0.50,val,34-35,4,0.0392156862745098,22,0.043222003929273084,0.004006317654763281
3,0.50,val,36-37,4,0.0392156862745098,20,0.03929273084479371,7.704457028390871e-05
3,0.50,val,38-39,3,0.029411764705882353,13,0.025540275049115914,0.0038714896567664386
3,0.50,val,40-41,3,0.029411764705882353,14,0.0275049115913556,0.0019068531145267527
3,0.50,val,42-43,5,0.049019607843137254,23,0.04518664047151277,0.003832967371624481
3,0.50,val,44-45,2,0.0196078431372549,12,0.023575638506876228,0.003967795369621326
3,0.50,val,46-47,3,0.029411764705882353,17,0.03339882121807466,0.003987056512192305
3,0.50,val,48-49,2,0.0196078431372549,14,0.0275049115913556,0.007897068454100698
3,0.50,val,50,2,0.0196078431372549,10,0.019646365422396856,3.8522285141954354e-05
3,0.50,val,51-55,7,0.06862745098039216,33,0.06483300589390963,0.003794445086482537
3,0.50,val,56-60,5,0.049019607843137254,28,0.0550098231827112,0.0059902153395739455
3,0.50,val,61-65,1,0.00980392156862745,2,0.003929273084479371,0.00587464848414808
3,0.50,val,66-67,0,0.0,1,0.0019646365422396855,0.0019646365422396855
3,1.00,overall,10-11,21,0.0412573673870334,21,0.0412573673870334,0.0
3,1.00,overall,12-13,37,0.07269155206286837,37,0.07269155206286837,0.0
3,1.00,overall,14-15,57,0.11198428290766209,57,0.11198428290766209,0.0
3,1.00,overall,16-17,37,0.07269155206286837,37,0.07269155206286837,0.0
3,1.00,overall,18-19,20,0.03929273084479371,20,0.03929273084479371,0.0
3,1.00,overall,20-21,24,0.047151277013752456,24,0.047151277013752456,0.0
3,1.00,overall,22-23,22,0.043222003929273084,22,0.043222003929273084,0.0
3,1.00,overall,24-25,15,0.029469548133595286,15,0.029469548133595286,0.0
3,1.00,overall,26-27,17,0.03339882121807466,17,0.03339882121807466,0.0
3,1.00,overall,28-29,21,0.0412573673870334,21,0.0412573673870334,0.0
3,1.00,overall,30-31,11,0.021611001964636542,11,0.021611001964636542,0.0
3,1.00,overall,32-33,18,0.03536345776031434,18,0.03536345776031434,0.0
3,1.00,overall,34-35,22,0.043222003929273084,22,0.043222003929273084,0.0
3,1.00,overall,36-37,20,0.03929273084479371,20,0.03929273084479371,0.0
3,1.00,overall,38-39,13,0.025540275049115914,13,0.025540275049115914,0.0
3,1.00,overall,40-41,14,0.0275049115913556,14,0.0275049115913556,0.0
3,1.00,overall,42-43,23,0.04518664047151277,23,0.04518664047151277,0.0
3,1.00,overall,44-45,12,0.023575638506876228,12,0.023575638506876228,0.0
3,1.00,overall,46-47,17,0.03339882121807466,17,0.03339882121807466,0.0
3,1.00,overall,48-49,14,0.0275049115913556,14,0.0275049115913556,0.0
3,1.00,overall,50,10,0.019646365422396856,10,0.019646365422396856,0.0
3,1.00,overall,51-55,33,0.06483300589390963,33,0.06483300589390963,0.0
3,1.00,overall,56-60,28,0.0550098231827112,28,0.0550098231827112,0.0
3,1.00,overall,61-65,2,0.003929273084479371,2,0.003929273084479371,0.0
3,1.00,overall,66-67,1,0.0019646365422396855,1,0.0019646365422396855,0.0
3,1.00,train_pool,10-11,17,0.04176904176904177,21,0.0412573673870334,0.0005116743820083661
3,1.00,train_pool,12-13,30,0.07371007371007371,37,0.07269155206286837,0.0010185216472053393
3,1.00,train_pool,14-15,46,0.11302211302211303,57,0.11198428290766209,0.0010378301144509383
3,1.00,train_pool,16-17,29,0.07125307125307126,37,0.07269155206286837,0.0014384808097971102
3,1.00,train_pool,18-19,16,0.03931203931203931,20,0.03929273084479371,1.930846724559898e-05
3,1.00,train_pool,20-21,19,0.04668304668304668,24,0.047151277013752456,0.0004682303307057753
3,1.00,train_pool,22-23,17,0.04176904176904177,22,0.043222003929273084,0.0014529621602313164
3,1.00,train_pool,24-25,12,0.029484029484029485,15,0.029469548133595286,1.4481350434199236e-05
3,1.00,train_pool,26-27,14,0.0343980343980344,17,0.03339882121807466,0.0009992131799597403
3,1.00,train_pool,28-29,17,0.04176904176904177,21,0.0412573673870334,0.0005116743820083661
3,1.00,train_pool,30-31,8,0.019656019656019656,11,0.021611001964636542,0.0019549823086168865
3,1.00,train_pool,32-33,14,0.0343980343980344,18,0.03536345776031434,0.0009654233622799421
3,1.00,train_pool,34-35,18,0.044226044226044224,22,0.043222003929273084,0.00100404029677114
3,1.00,train_pool,36-37,16,0.03931203931203931,20,0.03929273084479371,1.930846724559898e-05
3,1.00,train_pool,38-39,10,0.02457002457002457,13,0.025540275049115914,0.0009702504790913453
3,1.00,train_pool,40-41,11,0.02702702702702703,14,0.0275049115913556,0.0004778845643285713
3,1.00,train_pool,42-43,18,0.044226044226044224,23,0.04518664047151277,0.0009605962454685493
3,1.00,train_pool,44-45,10,0.02457002457002457,12,0.023575638506876228,0.0009943860631483406
3,1.00,train_pool,46-47,14,0.0343980343980344,17,0.03339882121807466,0.0009992131799597403
3,1.00,train_pool,48-49,12,0.029484029484029485,14,0.0275049115913556,0.001979117892673885
3,1.00,train_pool,50,8,0.019656019656019656,10,0.019646365422396856,9.65423362279949e-06
3,1.00,train_pool,51-55,26,0.06388206388206388,33,0.06483300589390963,0.0009509420118457429
3,1.00,train_pool,56-60,23,0.056511056511056514,28,0.0550098231827112,0.0015012333283453139
3,1.00,train_pool,61-65,1,0.002457002457002457,2,0.003929273084479371,0.001472270627476914
3,1.00,train_pool,66-67,1,0.002457002457002457,1,0.0019646365422396855,0.0004923659147627714
3,1.00,train_fraction,10-11,17,0.04176904176904177,21,0.0412573673870334,0.0005116743820083661
3,1.00,train_fraction,12-13,30,0.07371007371007371,37,0.07269155206286837,0.0010185216472053393
3,1.00,train_fraction,14-15,46,0.11302211302211303,57,0.11198428290766209,0.0010378301144509383
3,1.00,train_fraction,16-17,29,0.07125307125307126,37,0.07269155206286837,0.0014384808097971102
3,1.00,train_fraction,18-19,16,0.03931203931203931,20,0.03929273084479371,1.930846724559898e-05
3,1.00,train_fraction,20-21,19,0.04668304668304668,24,0.047151277013752456,0.0004682303307057753
3,1.00,train_fraction,22-23,17,0.04176904176904177,22,0.043222003929273084,0.0014529621602313164
3,1.00,train_fraction,24-25,12,0.029484029484029485,15,0.029469548133595286,1.4481350434199236e-05
3,1.00,train_fraction,26-27,14,0.0343980343980344,17,0.03339882121807466,0.0009992131799597403
3,1.00,train_fraction,28-29,17,0.04176904176904177,21,0.0412573673870334,0.0005116743820083661
3,1.00,train_fraction,30-31,8,0.019656019656019656,11,0.021611001964636542,0.0019549823086168865
3,1.00,train_fraction,32-33,14,0.0343980343980344,18,0.03536345776031434,0.0009654233622799421
3,1.00,train_fraction,34-35,18,0.044226044226044224,22,0.043222003929273084,0.00100404029677114
3,1.00,train_fraction,36-37,16,0.03931203931203931,20,0.03929273084479371,1.930846724559898e-05
3,1.00,train_fraction,38-39,10,0.02457002457002457,13,0.025540275049115914,0.0009702504790913453
3,1.00,train_fraction,40-41,11,0.02702702702702703,14,0.0275049115913556,0.0004778845643285713
3,1.00,train_fraction,42-43,18,0.044226044226044224,23,0.04518664047151277,0.0009605962454685493
3,1.00,train_fraction,44-45,10,0.02457002457002457,12,0.023575638506876228,0.0009943860631483406
3,1.00,train_fraction,46-47,14,0.0343980343980344,17,0.03339882121807466,0.0009992131799597403
3,1.00,train_fraction,48-49,12,0.029484029484029485,14,0.0275049115913556,0.001979117892673885
3,1.00,train_fraction,50,8,0.019656019656019656,10,0.019646365422396856,9.65423362279949e-06
3,1.00,train_fraction,51-55,26,0.06388206388206388,33,0.06483300589390963,0.0009509420118457429
3,1.00,train_fraction,56-60,23,0.056511056511056514,28,0.0550098231827112,0.0015012333283453139
3,1.00,train_fraction,61-65,1,0.002457002457002457,2,0.003929273084479371,0.001472270627476914
3,1.00,train_fraction,66-67,1,0.002457002457002457,1,0.0019646365422396855,0.0004923659147627714
3,1.00,val,10-11,4,0.0392156862745098,21,0.0412573673870334,0.002041681112523598
3,1.00,val,12-13,7,0.06862745098039216,37,0.07269155206286837,0.004064101082476207
3,1.00,val,14-15,11,0.10784313725490197,57,0.11198428290766209,0.004141145652760123
3,1.00,val,16-17,8,0.0784313725490196,37,0.07269155206286837,0.005739820486151237
3,1.00,val,18-19,4,0.0392156862745098,20,0.03929273084479371,7.704457028390871e-05
3,1.00,val,20-21,5,0.049019607843137254,24,0.047151277013752456,0.0018683308293847983
3,1.00,val,22-23,5,0.049019607843137254,22,0.043222003929273084,0.00579760391386417
3,1.00,val,24-25,3,0.029411764705882353,15,0.029469548133595286,5.7783427712933266e-05
3,1.00,val,26-27,3,0.029411764705882353,17,0.03339882121807466,0.003987056512192305
3,1.00,val,28-29,4,0.0392156862745098,21,0.0412573673870334,0.002041681112523598
3,1.00,val,30-31,3,0.029411764705882353,11,0.021611001964636542,0.0078007627412458105
3,1.00,val,32-33,4,0.0392156862745098,18,0.03536345776031434,0.003852228514195463
3,1.00,val,34-35,4,0.0392156862745098,22,0.043222003929273084,0.004006317654763281
3,1.00,val,36-37,4,0.0392156862745098,20,0.03929273084479371,7.704457028390871e-05
3,1.00,val,38-39,3,0.029411764705882353,13,0.025540275049115914,0.0038714896567664386
3,1.00,val,40-41,3,0.029411764705882353,14,0.0275049115913556,0.0019068531145267527
3,1.00,val,42-43,5,0.049019607843137254,23,0.04518664047151277,0.003832967371624481
3,1.00,val,44-45,2,0.0196078431372549,12,0.023575638506876228,0.003967795369621326
3,1.00,val,46-47,3,0.029411764705882353,17,0.03339882121807466,0.003987056512192305
3,1.00,val,48-49,2,0.0196078431372549,14,0.0275049115913556,0.007897068454100698
3,1.00,val,50,2,0.0196078431372549,10,0.019646365422396856,3.8522285141954354e-05
3,1.00,val,51-55,7,0.06862745098039216,33,0.06483300589390963,0.003794445086482537
3,1.00,val,56-60,5,0.049019607843137254,28,0.0550098231827112,0.0059902153395739455
3,1.00,val,61-65,1,0.00980392156862745,2,0.003929273084479371,0.00587464848414808
3,1.00,val,66-67,0,0.0,1,0.0019646365422396855,0.0019646365422396855
4,0.01,overall,10-11,21,0.0412573673870334,21,0.0412573673870334,0.0
4,0.01,overall,12-13,37,0.07269155206286837,37,0.07269155206286837,0.0
4,0.01,overall,14-15,57,0.11198428290766209,57,0.11198428290766209,0.0
4,0.01,overall,16-17,37,0.07269155206286837,37,0.07269155206286837,0.0
4,0.01,overall,18-19,20,0.03929273084479371,20,0.03929273084479371,0.0
4,0.01,overall,20-21,24,0.047151277013752456,24,0.047151277013752456,0.0
4,0.01,overall,22-23,22,0.043222003929273084,22,0.043222003929273084,0.0
4,0.01,overall,24-25,15,0.029469548133595286,15,0.029469548133595286,0.0
4,0.01,overall,26-27,17,0.03339882121807466,17,0.03339882121807466,0.0
4,0.01,overall,28-29,21,0.0412573673870334,21,0.0412573673870334,0.0
4,0.01,overall,30-31,11,0.021611001964636542,11,0.021611001964636542,0.0
4,0.01,overall,32-33,18,0.03536345776031434,18,0.03536345776031434,0.0
4,0.01,overall,34-35,22,0.043222003929273084,22,0.043222003929273084,0.0
4,0.01,overall,36-37,20,0.03929273084479371,20,0.03929273084479371,0.0
4,0.01,overall,38-39,13,0.025540275049115914,13,0.025540275049115914,0.0
4,0.01,overall,40-41,14,0.0275049115913556,14,0.0275049115913556,0.0
4,0.01,overall,42-43,23,0.04518664047151277,23,0.04518664047151277,0.0
4,0.01,overall,44-45,12,0.023575638506876228,12,0.023575638506876228,0.0
4,0.01,overall,46-47,17,0.03339882121807466,17,0.03339882121807466,0.0
4,0.01,overall,48-49,14,0.0275049115913556,14,0.0275049115913556,0.0
4,0.01,overall,50,10,0.019646365422396856,10,0.019646365422396856,0.0
4,0.01,overall,51-55,33,0.06483300589390963,33,0.06483300589390963,0.0
4,0.01,overall,56-60,28,0.0550098231827112,28,0.0550098231827112,0.0
4,0.01,overall,61-65,2,0.003929273084479371,2,0.003929273084479371,0.0
4,0.01,overall,66-67,1,0.0019646365422396855,1,0.0019646365422396855,0.0
4,0.01,train_pool,10-11,17,0.041666666666666664,21,0.0412573673870334,0.00040929927963326285
4,0.01,train_pool,12-13,29,0.07107843137254902,37,0.07269155206286837,0.001613120690319353
4,0.01,train_pool,14-15,46,0.11274509803921569,57,0.11198428290766209,0.0007608151315535994
4,0.01,train_pool,16-17,30,0.07352941176470588,37,0.07269155206286837,0.000837859701837515
4,0.01,train_pool,18-19,16,0.0392156862745098,20,0.03929273084479371,7.704457028390871e-05
4,0.01,train_pool,20-21,19,0.04656862745098039,24,0.047151277013752456,0.0005826495627720626
4,0.01,train_pool,22-23,17,0.041666666666666664,22,0.043222003929273084,0.0015553372626064196
4,0.01,train_pool,24-25,12,0.029411764705882353,15,0.029469548133595286,5.7783427712933266e-05
4,0.01,train_pool,26-27,14,0.03431372549019608,17,0.03339882121807466,0.0009149042721214237
4,0.01,train_pool,28-29,17,0.041666666666666664,21,0.0412573673870334,0.00040929927963326285
4,0.01,train_pool,30-31,9,0.022058823529411766,11,0.021611001964636542,0.00044782156477522414
4,0.01,train_pool,32-33,15,0.03676470588235294,18,0.03536345776031434,0.0014012481220386022
4,0.01,train_pool,34-35,18,0.04411764705882353,22,0.043222003929273084,0.0008956431295504483
4,0.01,train_pool,36-37,16,0.0392156862745098,20,0.03929273084479371,7.704457028390871e-05
4,0.01,train_pool,38-39,11,0.02696078431372549,13,0.025540275049115914,0.0014205092646095777
4,0.01,train_pool,40-41,11,0.02696078431372549,14,0.0275049115913556,0.0005441272776301083
4,0.01,train_pool,42-43,18,0.04411764705882353,23,0.04518664047151277,0.0010689934126892411
4,0.01,train_pool,44-45,9,0.022058823529411766,12,0.023575638506876228,0.0015168149774644618
4,0.01,train_pool,46-47,13,0.031862745098039214,17,0.03339882121807466,0.0015360761200354442
4,0.01,train_pool,48-49,11,0.02696078431372549,14,0.0275049115913556,0.0005441272776301083
4,0.01,train_pool,50,8,0.0196078431372549,10,0.019646365422396856,3.8522285141954354e-05
4,0.01,train_pool,51-55,27,0.0661764705882353,33,0.06483300589390963,0.001343464694325669
4,0.01,train_pool,56-60,22,0.05392156862745098,28,0.0550098231827112,0.0010882545552602166
4,0.01,train_pool,61-65,2,0.004901960784313725,2,0.003929273084479371,0.0009726876998343544
4,0.01,train_pool,66-67,1,0.0024509803921568627,1,0.0019646365422396855,0.0004863438499171772
4,0.01,train_fraction,10-11,0,0.0,21,0.0412573673870334,0.0412573673870334
4,0.01,train_fraction,12-13,0,0.0,37,0.07269155206286837,0.07269155206286837
4,0.01,train_fraction,14-15,0,0.0,57,0.11198428290766209,0.11198428290766209
4,0.01,train_fraction,16-17,1,0.25,37,0.07269155206286837,0.17730844793713163
4,0.01,train_fraction,18-19,0,0.0,20,0.03929273084479371,0.03929273084479371
4,0.01,train_fraction,20-21,1,0.25,24,0.047151277013752456,0.20284872298624754
4,0.01,train_fraction,22-23,0,0.0,22,0.043222003929273084,0.043222003929273084
4,0.01,train_fraction,24-25,0,0.0,15,0.029469548133595286,0.029469548133595286
4,0.01,train_fraction,26-27,0,0.0,17,0.03339882121807466,0.03339882121807466
4,0.01,train_fraction,28-29,0,0.0,21,0.0412573673870334,0.0412573673870334
4,0.01,train_fraction,30-31,0,0.0,11,0.021611001964636542,0.021611001964636542
4,0.01,train_fraction,32-33,0,0.0,18,0.03536345776031434,0.03536345776031434
4,0.01,train_fraction,34-35,2,0.5,22,0.043222003929273084,0.4567779960707269
4,0.01,train_fraction,36-37,0,0.0,20,0.03929273084479371,0.03929273084479371
4,0.01,train_fraction,38-39,0,0.0,13,0.025540275049115914,0.025540275049115914
4,0.01,train_fraction,40-41,0,0.0,14,0.0275049115913556,0.0275049115913556
4,0.01,train_fraction,42-43,0,0.0,23,0.04518664047151277,0.04518664047151277
4,0.01,train_fraction,44-45,0,0.0,12,0.023575638506876228,0.023575638506876228
4,0.01,train_fraction,46-47,0,0.0,17,0.03339882121807466,0.03339882121807466
4,0.01,train_fraction,48-49,0,0.0,14,0.0275049115913556,0.0275049115913556
4,0.01,train_fraction,50,0,0.0,10,0.019646365422396856,0.019646365422396856
4,0.01,train_fraction,51-55,0,0.0,33,0.06483300589390963,0.06483300589390963
4,0.01,train_fraction,56-60,0,0.0,28,0.0550098231827112,0.0550098231827112
4,0.01,train_fraction,61-65,0,0.0,2,0.003929273084479371,0.003929273084479371
4,0.01,train_fraction,66-67,0,0.0,1,0.0019646365422396855,0.0019646365422396855
4,0.01,val,10-11,4,0.039603960396039604,21,0.0412573673870334,0.001653406990993797
4,0.01,val,12-13,8,0.07920792079207921,37,0.07269155206286837,0.006516368729210839
4,0.01,val,14-15,11,0.10891089108910891,57,0.11198428290766209,0.0030733918185531783
4,0.01,val,16-17,7,0.06930693069306931,37,0.07269155206286837,0.003384621369799057
4,0.01,val,18-19,4,0.039603960396039604,20,0.03929273084479371,0.00031122955124589236
4,0.01,val,20-21,5,0.04950495049504951,24,0.047151277013752456,0.0023536734812970514
4,0.01,val,22-23,5,0.04950495049504951,22,0.043222003929273084,0.006282946565776423
4,0.01,val,24-25,3,0.0297029702970297,15,0.029469548133595286,0.0002334221634344158
4,0.01,val,26-27,3,0.0297029702970297,17,0.03339882121807466,0.003695850921044956
4,0.01,val,28-29,4,0.039603960396039604,21,0.0412573673870334,0.001653406990993797
4,0.01,val,30-31,2,0.019801980198019802,11,0.021611001964636542,0.0018090217666167398
4,0.01,val,32-33,3,0.0297029702970297,18,0.03536345776031434,0.005660487463284639
4,0.01,val,34-35,4,0.039603960396039604,22,0.043222003929273084,0.0036180435332334795
4,0.01,val,36-37,4,0.039603960396039604,20,0.03929273084479371,0.00031122955124589236
4,0.01,val,38-39,2,0.019801980198019802,13,0.025540275049115914,0.005738294851096112
4,0.01,val,40-41,3,0.0297029702970297,14,0.0275049115913556,0.0021980587056741017
4,0.01,val,42-43,5,0.04950495049504951,23,0.04518664047151277,0.004318310023536734
4,0.01,val,44-45,3,0.0297029702970297,12,0.023575638506876228,0.006127331790153474
4,0.01,val,46-47,4,0.039603960396039604,17,0.03339882121807466,0.006205139177964947
4,0.01,val,48-49,3,0.0297029702970297,14,0.0275049115913556,0.0021980587056741017
4,0.01,val,50,2,0.019801980198019802,10,0.019646365422396856,0.00015561477562294618
4,0.01,val,51-55,6,0.0594059405940594,33,0.06483300589390963,0.005427065299850223
4,0.01,val,56-60,6,0.0594059405940594,28,0.0550098231827112,0.0043961174113482035
4,0.01,val,61-65,0,0.0,2,0.003929273084479371,0.003929273084479371
4,0.01,val,66-67,0,0.0,1,0.0019646365422396855,0.0019646365422396855
4,0.05,overall,10-11,21,0.0412573673870334,21,0.0412573673870334,0.0
4,0.05,overall,12-13,37,0.07269155206286837,37,0.07269155206286837,0.0
4,0.05,overall,14-15,57,0.11198428290766209,57,0.11198428290766209,0.0
4,0.05,overall,16-17,37,0.07269155206286837,37,0.07269155206286837,0.0
4,0.05,overall,18-19,20,0.03929273084479371,20,0.03929273084479371,0.0
4,0.05,overall,20-21,24,0.047151277013752456,24,0.047151277013752456,0.0
4,0.05,overall,22-23,22,0.043222003929273084,22,0.043222003929273084,0.0
4,0.05,overall,24-25,15,0.029469548133595286,15,0.029469548133595286,0.0
4,0.05,overall,26-27,17,0.03339882121807466,17,0.03339882121807466,0.0
4,0.05,overall,28-29,21,0.0412573673870334,21,0.0412573673870334,0.0
4,0.05,overall,30-31,11,0.021611001964636542,11,0.021611001964636542,0.0
4,0.05,overall,32-33,18,0.03536345776031434,18,0.03536345776031434,0.0
4,0.05,overall,34-35,22,0.043222003929273084,22,0.043222003929273084,0.0
4,0.05,overall,36-37,20,0.03929273084479371,20,0.03929273084479371,0.0
4,0.05,overall,38-39,13,0.025540275049115914,13,0.025540275049115914,0.0
4,0.05,overall,40-41,14,0.0275049115913556,14,0.0275049115913556,0.0
4,0.05,overall,42-43,23,0.04518664047151277,23,0.04518664047151277,0.0
4,0.05,overall,44-45,12,0.023575638506876228,12,0.023575638506876228,0.0
4,0.05,overall,46-47,17,0.03339882121807466,17,0.03339882121807466,0.0
4,0.05,overall,48-49,14,0.0275049115913556,14,0.0275049115913556,0.0
4,0.05,overall,50,10,0.019646365422396856,10,0.019646365422396856,0.0
4,0.05,overall,51-55,33,0.06483300589390963,33,0.06483300589390963,0.0
4,0.05,overall,56-60,28,0.0550098231827112,28,0.0550098231827112,0.0
4,0.05,overall,61-65,2,0.003929273084479371,2,0.003929273084479371,0.0
4,0.05,overall,66-67,1,0.0019646365422396855,1,0.0019646365422396855,0.0
4,0.05,train_pool,10-11,17,0.041666666666666664,21,0.0412573673870334,0.00040929927963326285
4,0.05,train_pool,12-13,29,0.07107843137254902,37,0.07269155206286837,0.001613120690319353
4,0.05,train_pool,14-15,46,0.11274509803921569,57,0.11198428290766209,0.0007608151315535994
4,0.05,train_pool,16-17,30,0.07352941176470588,37,0.07269155206286837,0.000837859701837515
4,0.05,train_pool,18-19,16,0.0392156862745098,20,0.03929273084479371,7.704457028390871e-05
4,0.05,train_pool,20-21,19,0.04656862745098039,24,0.047151277013752456,0.0005826495627720626
4,0.05,train_pool,22-23,17,0.041666666666666664,22,0.043222003929273084,0.0015553372626064196
4,0.05,train_pool,24-25,12,0.029411764705882353,15,0.029469548133595286,5.7783427712933266e-05
4,0.05,train_pool,26-27,14,0.03431372549019608,17,0.03339882121807466,0.0009149042721214237
4,0.05,train_pool,28-29,17,0.041666666666666664,21,0.0412573673870334,0.00040929927963326285
4,0.05,train_pool,30-31,9,0.022058823529411766,11,0.021611001964636542,0.00044782156477522414
4,0.05,train_pool,32-33,15,0.03676470588235294,18,0.03536345776031434,0.0014012481220386022
4,0.05,train_pool,34-35,18,0.04411764705882353,22,0.043222003929273084,0.0008956431295504483
4,0.05,train_pool,36-37,16,0.0392156862745098,20,0.03929273084479371,7.704457028390871e-05
4,0.05,train_pool,38-39,11,0.02696078431372549,13,0.025540275049115914,0.0014205092646095777
4,0.05,train_pool,40-41,11,0.02696078431372549,14,0.0275049115913556,0.0005441272776301083
4,0.05,train_pool,42-43,18,0.04411764705882353,23,0.04518664047151277,0.0010689934126892411
4,0.05,train_pool,44-45,9,0.022058823529411766,12,0.023575638506876228,0.0015168149774644618
4,0.05,train_pool,46-47,13,0.031862745098039214,17,0.03339882121807466,0.0015360761200354442
4,0.05,train_pool,48-49,11,0.02696078431372549,14,0.0275049115913556,0.0005441272776301083
4,0.05,train_pool,50,8,0.0196078431372549,10,0.019646365422396856,3.8522285141954354e-05
4,0.05,train_pool,51-55,27,0.0661764705882353,33,0.06483300589390963,0.001343464694325669
4,0.05,train_pool,56-60,22,0.05392156862745098,28,0.0550098231827112,0.0010882545552602166
4,0.05,train_pool,61-65,2,0.004901960784313725,2,0.003929273084479371,0.0009726876998343544
4,0.05,train_pool,66-67,1,0.0024509803921568627,1,0.0019646365422396855,0.0004863438499171772
4,0.05,train_fraction,10-11,0,0.0,21,0.0412573673870334,0.0412573673870334
4,0.05,train_fraction,12-13,2,0.1,37,0.07269155206286837,0.027308447937131636
4,0.05,train_fraction,14-15,2,0.1,57,0.11198428290766209,0.011984282907662083
4,0.05,train_fraction,16-17,2,0.1,37,0.07269155206286837,0.027308447937131636
4,0.05,train_fraction,18-19,2,0.1,20,0.03929273084479371,0.06070726915520629
4,0.05,train_fraction,20-21,2,0.1,24,0.047151277013752456,0.05284872298624755
4,0.05,train_fraction,22-23,0,0.0,22,0.043222003929273084,0.043222003929273084
4,0.05,train_fraction,24-25,0,0.0,15,0.029469548133595286,0.029469548133595286
4,0.05,train_fraction,26-27,2,0.1,17,0.03339882121807466,0.06660117878192534
4,0.05,train_fraction,28-29,0,0.0,21,0.0412573673870334,0.0412573673870334
4,0.05,train_fraction,30-31,1,0.05,11,0.021611001964636542,0.02838899803536346
4,0.05,train_fraction,32-33,0,0.0,18,0.03536345776031434,0.03536345776031434
4,0.05,train_fraction,34-35,1,0.05,22,0.043222003929273084,0.006777996070726919
4,0.05,train_fraction,36-37,0,0.0,20,0.03929273084479371,0.03929273084479371
4,0.05,train_fraction,38-39,1,0.05,13,0.025540275049115914,0.02445972495088409
4,0.05,train_fraction,40-41,2,0.1,14,0.0275049115913556,0.07249508840864441
4,0.05,train_fraction,42-43,1,0.05,23,0.04518664047151277,0.004813359528487229
4,0.05,train_fraction,44-45,0,0.0,12,0.023575638506876228,0.023575638506876228
4,0.05,train_fraction,46-47,0,0.0,17,0.03339882121807466,0.03339882121807466
4,0.05,train_fraction,48-49,0,0.0,14,0.0275049115913556,0.0275049115913556
4,0.05,train_fraction,50,0,0.0,10,0.019646365422396856,0.019646365422396856
4,0.05,train_fraction,51-55,0,0.0,33,0.06483300589390963,0.06483300589390963
4,0.05,train_fraction,56-60,2,0.1,28,0.0550098231827112,0.044990176817288806
4,0.05,train_fraction,61-65,0,0.0,2,0.003929273084479371,0.003929273084479371
4,0.05,train_fraction,66-67,0,0.0,1,0.0019646365422396855,0.0019646365422396855
4,0.05,val,10-11,4,0.039603960396039604,21,0.0412573673870334,0.001653406990993797
4,0.05,val,12-13,8,0.07920792079207921,37,0.07269155206286837,0.006516368729210839
4,0.05,val,14-15,11,0.10891089108910891,57,0.11198428290766209,0.0030733918185531783
4,0.05,val,16-17,7,0.06930693069306931,37,0.07269155206286837,0.003384621369799057
4,0.05,val,18-19,4,0.039603960396039604,20,0.03929273084479371,0.00031122955124589236
4,0.05,val,20-21,5,0.04950495049504951,24,0.047151277013752456,0.0023536734812970514
4,0.05,val,22-23,5,0.04950495049504951,22,0.043222003929273084,0.006282946565776423
4,0.05,val,24-25,3,0.0297029702970297,15,0.029469548133595286,0.0002334221634344158
4,0.05,val,26-27,3,0.0297029702970297,17,0.03339882121807466,0.003695850921044956
4,0.05,val,28-29,4,0.039603960396039604,21,0.0412573673870334,0.001653406990993797
4,0.05,val,30-31,2,0.019801980198019802,11,0.021611001964636542,0.0018090217666167398
4,0.05,val,32-33,3,0.0297029702970297,18,0.03536345776031434,0.005660487463284639
4,0.05,val,34-35,4,0.039603960396039604,22,0.043222003929273084,0.0036180435332334795
4,0.05,val,36-37,4,0.039603960396039604,20,0.03929273084479371,0.00031122955124589236
4,0.05,val,38-39,2,0.019801980198019802,13,0.025540275049115914,0.005738294851096112
4,0.05,val,40-41,3,0.0297029702970297,14,0.0275049115913556,0.0021980587056741017
4,0.05,val,42-43,5,0.04950495049504951,23,0.04518664047151277,0.004318310023536734
4,0.05,val,44-45,3,0.0297029702970297,12,0.023575638506876228,0.006127331790153474
4,0.05,val,46-47,4,0.039603960396039604,17,0.03339882121807466,0.006205139177964947
4,0.05,val,48-49,3,0.0297029702970297,14,0.0275049115913556,0.0021980587056741017
4,0.05,val,50,2,0.019801980198019802,10,0.019646365422396856,0.00015561477562294618
4,0.05,val,51-55,6,0.0594059405940594,33,0.06483300589390963,0.005427065299850223
4,0.05,val,56-60,6,0.0594059405940594,28,0.0550098231827112,0.0043961174113482035
4,0.05,val,61-65,0,0.0,2,0.003929273084479371,0.003929273084479371
4,0.05,val,66-67,0,0.0,1,0.0019646365422396855,0.0019646365422396855
4,0.10,overall,10-11,21,0.0412573673870334,21,0.0412573673870334,0.0
4,0.10,overall,12-13,37,0.07269155206286837,37,0.07269155206286837,0.0
4,0.10,overall,14-15,57,0.11198428290766209,57,0.11198428290766209,0.0
4,0.10,overall,16-17,37,0.07269155206286837,37,0.07269155206286837,0.0
4,0.10,overall,18-19,20,0.03929273084479371,20,0.03929273084479371,0.0
4,0.10,overall,20-21,24,0.047151277013752456,24,0.047151277013752456,0.0
4,0.10,overall,22-23,22,0.043222003929273084,22,0.043222003929273084,0.0
4,0.10,overall,24-25,15,0.029469548133595286,15,0.029469548133595286,0.0
4,0.10,overall,26-27,17,0.03339882121807466,17,0.03339882121807466,0.0
4,0.10,overall,28-29,21,0.0412573673870334,21,0.0412573673870334,0.0
4,0.10,overall,30-31,11,0.021611001964636542,11,0.021611001964636542,0.0
4,0.10,overall,32-33,18,0.03536345776031434,18,0.03536345776031434,0.0
4,0.10,overall,34-35,22,0.043222003929273084,22,0.043222003929273084,0.0
4,0.10,overall,36-37,20,0.03929273084479371,20,0.03929273084479371,0.0
4,0.10,overall,38-39,13,0.025540275049115914,13,0.025540275049115914,0.0
4,0.10,overall,40-41,14,0.0275049115913556,14,0.0275049115913556,0.0
4,0.10,overall,42-43,23,0.04518664047151277,23,0.04518664047151277,0.0
4,0.10,overall,44-45,12,0.023575638506876228,12,0.023575638506876228,0.0
4,0.10,overall,46-47,17,0.03339882121807466,17,0.03339882121807466,0.0
4,0.10,overall,48-49,14,0.0275049115913556,14,0.0275049115913556,0.0
4,0.10,overall,50,10,0.019646365422396856,10,0.019646365422396856,0.0
4,0.10,overall,51-55,33,0.06483300589390963,33,0.06483300589390963,0.0
4,0.10,overall,56-60,28,0.0550098231827112,28,0.0550098231827112,0.0
4,0.10,overall,61-65,2,0.003929273084479371,2,0.003929273084479371,0.0
4,0.10,overall,66-67,1,0.0019646365422396855,1,0.0019646365422396855,0.0
4,0.10,train_pool,10-11,17,0.041666666666666664,21,0.0412573673870334,0.00040929927963326285
4,0.10,train_pool,12-13,29,0.07107843137254902,37,0.07269155206286837,0.001613120690319353
4,0.10,train_pool,14-15,46,0.11274509803921569,57,0.11198428290766209,0.0007608151315535994
4,0.10,train_pool,16-17,30,0.07352941176470588,37,0.07269155206286837,0.000837859701837515
4,0.10,train_pool,18-19,16,0.0392156862745098,20,0.03929273084479371,7.704457028390871e-05
4,0.10,train_pool,20-21,19,0.04656862745098039,24,0.047151277013752456,0.0005826495627720626
4,0.10,train_pool,22-23,17,0.041666666666666664,22,0.043222003929273084,0.0015553372626064196
4,0.10,train_pool,24-25,12,0.029411764705882353,15,0.029469548133595286,5.7783427712933266e-05
4,0.10,train_pool,26-27,14,0.03431372549019608,17,0.03339882121807466,0.0009149042721214237
4,0.10,train_pool,28-29,17,0.041666666666666664,21,0.0412573673870334,0.00040929927963326285
4,0.10,train_pool,30-31,9,0.022058823529411766,11,0.021611001964636542,0.00044782156477522414
4,0.10,train_pool,32-33,15,0.03676470588235294,18,0.03536345776031434,0.0014012481220386022
4,0.10,train_pool,34-35,18,0.04411764705882353,22,0.043222003929273084,0.0008956431295504483
4,0.10,train_pool,36-37,16,0.0392156862745098,20,0.03929273084479371,7.704457028390871e-05
4,0.10,train_pool,38-39,11,0.02696078431372549,13,0.025540275049115914,0.0014205092646095777
4,0.10,train_pool,40-41,11,0.02696078431372549,14,0.0275049115913556,0.0005441272776301083
4,0.10,train_pool,42-43,18,0.04411764705882353,23,0.04518664047151277,0.0010689934126892411
4,0.10,train_pool,44-45,9,0.022058823529411766,12,0.023575638506876228,0.0015168149774644618
4,0.10,train_pool,46-47,13,0.031862745098039214,17,0.03339882121807466,0.0015360761200354442
4,0.10,train_pool,48-49,11,0.02696078431372549,14,0.0275049115913556,0.0005441272776301083
4,0.10,train_pool,50,8,0.0196078431372549,10,0.019646365422396856,3.8522285141954354e-05
4,0.10,train_pool,51-55,27,0.0661764705882353,33,0.06483300589390963,0.001343464694325669
4,0.10,train_pool,56-60,22,0.05392156862745098,28,0.0550098231827112,0.0010882545552602166
4,0.10,train_pool,61-65,2,0.004901960784313725,2,0.003929273084479371,0.0009726876998343544
4,0.10,train_pool,66-67,1,0.0024509803921568627,1,0.0019646365422396855,0.0004863438499171772
4,0.10,train_fraction,10-11,2,0.04878048780487805,21,0.0412573673870334,0.007523120417844649
4,0.10,train_fraction,12-13,3,0.07317073170731707,37,0.07269155206286837,0.000479179644448699
4,0.10,train_fraction,14-15,4,0.0975609756097561,57,0.11198428290766209,0.014423307297905988
4,0.10,train_fraction,16-17,3,0.07317073170731707,37,0.07269155206286837,0.000479179644448699
4,0.10,train_fraction,18-19,1,0.024390243902439025,20,0.03929273084479371,0.014902486942354687
4,0.10,train_fraction,20-21,2,0.04878048780487805,24,0.047151277013752456,0.0016292107911255946
4,0.10,train_fraction,22-23,2,0.04878048780487805,22,0.043222003929273084,0.0055584838756049665
4,0.10,train_fraction,24-25,1,0.024390243902439025,15,0.029469548133595286,0.0050793042311562606
4,0.10,train_fraction,26-27,1,0.024390243902439025,17,0.03339882121807466,0.009008577315635632
4,0.10,train_fraction,28-29,2,0.04878048780487805,21,0.0412573673870334,0.007523120417844649
4,0.10,train_fraction,30-31,1,0.024390243902439025,11,0.021611001964636542,0.0027792419378024832
4,0.10,train_fraction,32-33,1,0.024390243902439025,18,0.03536345776031434,0.010973213857875315
4,0.10,train_fraction,34-35,2,0.04878048780487805,22,0.043222003929273084,0.0055584838756049665
4,0.10,train_fraction,36-37,1,0.024390243902439025,20,0.03929273084479371,0.014902486942354687
4,0.10,train_fraction,38-39,1,0.024390243902439025,13,0.025540275049115914,0.0011500311466768887
4,0.10,train_fraction,40-41,1,0.024390243902439025,14,0.0275049115913556,0.0031146676889165746
4,0.10,train_fraction,42-43,2,0.04878048780487805,23,0.04518664047151277,0.003593847333365277
4,0.10,train_fraction,44-45,1,0.024390243902439025,12,0.023575638506876228,0.0008146053955627973
4,0.10,train_fraction,46-47,1,0.024390243902439025,17,0.03339882121807466,0.009008577315635632
4,0.10,train_fraction,48-49,1,0.024390243902439025,14,0.0275049115913556,0.0031146676889165746
4,0.10,train_fraction,50,1,0.024390243902439025,10,0.019646365422396856,0.004743878480042169
4,0.10,train_fraction,51-55,3,0.07317073170731707,33,0.06483300589390963,0.008337725813407443
4,0.10,train_fraction,56-60,2,0.04878048780487805,28,0.0550098231827112,0.006229335377833149
4,0.10,train_fraction,61-65,1,0.024390243902439025,2,0.003929273084479371,0.020460970817959653
4,0.10,train_fraction,66-67,1,0.024390243902439025,1,0.0019646365422396855,0.02242560736019934
4,0.10,val,10-11,4,0.039603960396039604,21,0.0412573673870334,0.001653406990993797
4,0.10,val,12-13,8,0.07920792079207921,37,0.07269155206286837,0.006516368729210839
4,0.10,val,14-15,11,0.10891089108910891,57,0.11198428290766209,0.0030733918185531783
4,0.10,val,16-17,7,0.06930693069306931,37,0.07269155206286837,0.003384621369799057
4,0.10,val,18-19,4,0.039603960396039604,20,0.03929273084479371,0.00031122955124589236
4,0.10,val,20-21,5,0.04950495049504951,24,0.047151277013752456,0.0023536734812970514
4,0.10,val,22-23,5,0.04950495049504951,22,0.043222003929273084,0.006282946565776423
4,0.10,val,24-25,3,0.0297029702970297,15,0.029469548133595286,0.0002334221634344158
4,0.10,val,26-27,3,0.0297029702970297,17,0.03339882121807466,0.003695850921044956
4,0.10,val,28-29,4,0.039603960396039604,21,0.0412573673870334,0.001653406990993797
4,0.10,val,30-31,2,0.019801980198019802,11,0.021611001964636542,0.0018090217666167398
4,0.10,val,32-33,3,0.0297029702970297,18,0.03536345776031434,0.005660487463284639
4,0.10,val,34-35,4,0.039603960396039604,22,0.043222003929273084,0.0036180435332334795
4,0.10,val,36-37,4,0.039603960396039604,20,0.03929273084479371,0.00031122955124589236
4,0.10,val,38-39,2,0.019801980198019802,13,0.025540275049115914,0.005738294851096112
4,0.10,val,40-41,3,0.0297029702970297,14,0.0275049115913556,0.0021980587056741017
4,0.10,val,42-43,5,0.04950495049504951,23,0.04518664047151277,0.004318310023536734
4,0.10,val,44-45,3,0.0297029702970297,12,0.023575638506876228,0.006127331790153474
4,0.10,val,46-47,4,0.039603960396039604,17,0.03339882121807466,0.006205139177964947
4,0.10,val,48-49,3,0.0297029702970297,14,0.0275049115913556,0.0021980587056741017
4,0.10,val,50,2,0.019801980198019802,10,0.019646365422396856,0.00015561477562294618
4,0.10,val,51-55,6,0.0594059405940594,33,0.06483300589390963,0.005427065299850223
4,0.10,val,56-60,6,0.0594059405940594,28,0.0550098231827112,0.0043961174113482035
4,0.10,val,61-65,0,0.0,2,0.003929273084479371,0.003929273084479371
4,0.10,val,66-67,0,0.0,1,0.0019646365422396855,0.0019646365422396855
4,0.25,overall,10-11,21,0.0412573673870334,21,0.0412573673870334,0.0
4,0.25,overall,12-13,37,0.07269155206286837,37,0.07269155206286837,0.0
4,0.25,overall,14-15,57,0.11198428290766209,57,0.11198428290766209,0.0
4,0.25,overall,16-17,37,0.07269155206286837,37,0.07269155206286837,0.0
4,0.25,overall,18-19,20,0.03929273084479371,20,0.03929273084479371,0.0
4,0.25,overall,20-21,24,0.047151277013752456,24,0.047151277013752456,0.0
4,0.25,overall,22-23,22,0.043222003929273084,22,0.043222003929273084,0.0
4,0.25,overall,24-25,15,0.029469548133595286,15,0.029469548133595286,0.0
4,0.25,overall,26-27,17,0.03339882121807466,17,0.03339882121807466,0.0
4,0.25,overall,28-29,21,0.0412573673870334,21,0.0412573673870334,0.0
4,0.25,overall,30-31,11,0.021611001964636542,11,0.021611001964636542,0.0
4,0.25,overall,32-33,18,0.03536345776031434,18,0.03536345776031434,0.0
4,0.25,overall,34-35,22,0.043222003929273084,22,0.043222003929273084,0.0
4,0.25,overall,36-37,20,0.03929273084479371,20,0.03929273084479371,0.0
4,0.25,overall,38-39,13,0.025540275049115914,13,0.025540275049115914,0.0
4,0.25,overall,40-41,14,0.0275049115913556,14,0.0275049115913556,0.0
4,0.25,overall,42-43,23,0.04518664047151277,23,0.04518664047151277,0.0
4,0.25,overall,44-45,12,0.023575638506876228,12,0.023575638506876228,0.0
4,0.25,overall,46-47,17,0.03339882121807466,17,0.03339882121807466,0.0
4,0.25,overall,48-49,14,0.0275049115913556,14,0.0275049115913556,0.0
4,0.25,overall,50,10,0.019646365422396856,10,0.019646365422396856,0.0
4,0.25,overall,51-55,33,0.06483300589390963,33,0.06483300589390963,0.0
4,0.25,overall,56-60,28,0.0550098231827112,28,0.0550098231827112,0.0
4,0.25,overall,61-65,2,0.003929273084479371,2,0.003929273084479371,0.0
4,0.25,overall,66-67,1,0.0019646365422396855,1,0.0019646365422396855,0.0
4,0.25,train_pool,10-11,17,0.041666666666666664,21,0.0412573673870334,0.00040929927963326285
4,0.25,train_pool,12-13,29,0.07107843137254902,37,0.07269155206286837,0.001613120690319353
4,0.25,train_pool,14-15,46,0.11274509803921569,57,0.11198428290766209,0.0007608151315535994
4,0.25,train_pool,16-17,30,0.07352941176470588,37,0.07269155206286837,0.000837859701837515
4,0.25,train_pool,18-19,16,0.0392156862745098,20,0.03929273084479371,7.704457028390871e-05
4,0.25,train_pool,20-21,19,0.04656862745098039,24,0.047151277013752456,0.0005826495627720626
4,0.25,train_pool,22-23,17,0.041666666666666664,22,0.043222003929273084,0.0015553372626064196
4,0.25,train_pool,24-25,12,0.029411764705882353,15,0.029469548133595286,5.7783427712933266e-05
4,0.25,train_pool,26-27,14,0.03431372549019608,17,0.03339882121807466,0.0009149042721214237
4,0.25,train_pool,28-29,17,0.041666666666666664,21,0.0412573673870334,0.00040929927963326285
4,0.25,train_pool,30-31,9,0.022058823529411766,11,0.021611001964636542,0.00044782156477522414
4,0.25,train_pool,32-33,15,0.03676470588235294,18,0.03536345776031434,0.0014012481220386022
4,0.25,train_pool,34-35,18,0.04411764705882353,22,0.043222003929273084,0.0008956431295504483
4,0.25,train_pool,36-37,16,0.0392156862745098,20,0.03929273084479371,7.704457028390871e-05
4,0.25,train_pool,38-39,11,0.02696078431372549,13,0.025540275049115914,0.0014205092646095777
4,0.25,train_pool,40-41,11,0.02696078431372549,14,0.0275049115913556,0.0005441272776301083
4,0.25,train_pool,42-43,18,0.04411764705882353,23,0.04518664047151277,0.0010689934126892411
4,0.25,train_pool,44-45,9,0.022058823529411766,12,0.023575638506876228,0.0015168149774644618
4,0.25,train_pool,46-47,13,0.031862745098039214,17,0.03339882121807466,0.0015360761200354442
4,0.25,train_pool,48-49,11,0.02696078431372549,14,0.0275049115913556,0.0005441272776301083
4,0.25,train_pool,50,8,0.0196078431372549,10,0.019646365422396856,3.8522285141954354e-05
4,0.25,train_pool,51-55,27,0.0661764705882353,33,0.06483300589390963,0.001343464694325669
4,0.25,train_pool,56-60,22,0.05392156862745098,28,0.0550098231827112,0.0010882545552602166
4,0.25,train_pool,61-65,2,0.004901960784313725,2,0.003929273084479371,0.0009726876998343544
4,0.25,train_pool,66-67,1,0.0024509803921568627,1,0.0019646365422396855,0.0004863438499171772
4,0.25,train_fraction,10-11,4,0.0392156862745098,21,0.0412573673870334,0.002041681112523598
4,0.25,train_fraction,12-13,7,0.06862745098039216,37,0.07269155206286837,0.004064101082476207
4,0.25,train_fraction,14-15,10,0.09803921568627451,57,0.11198428290766209,0.01394506722138758
4,0.25,train_fraction,16-17,7,0.06862745098039216,37,0.07269155206286837,0.004064101082476207
4,0.25,train_fraction,18-19,4,0.0392156862745098,20,0.03929273084479371,7.704457028390871e-05
4,0.25,train_fraction,20-21,4,0.0392156862745098,24,0.047151277013752456,0.007935590739242653
4,0.25,train_fraction,22-23,4,0.0392156862745098,22,0.043222003929273084,0.004006317654763281
4,0.25,train_fraction,24-25,3,0.029411764705882353,15,0.029469548133595286,5.7783427712933266e-05
4,0.25,train_fraction,26-27,4,0.0392156862745098,17,0.03339882121807466,0.005816865056435146
4,0.25,train_fraction,28-29,4,0.0392156862745098,21,0.0412573673870334,0.002041681112523598
4,0.25,train_fraction,30-31,2,0.0196078431372549,11,0.021611001964636542,0.0020031588273816403
4,0.25,train_fraction,32-33,3,0.029411764705882353,18,0.03536345776031434,0.005951693054431988
4,0.25,train_fraction,34-35,5,0.049019607843137254,22,0.043222003929273084,0.00579760391386417
4,0.25,train_fraction,36-37,5,0.049019607843137254,20,0.03929273084479371,0.009726876998343542
4,0.25,train_fraction,38-39,2,0.0196078431372549,13,0.025540275049115914,0.005932431911861012
4,0.25,train_fraction,40-41,2,0.0196078431372549,14,0.0275049115913556,0.007897068454100698
4,0.25,train_fraction,42-43,4,0.0392156862745098,23,0.04518664047151277,0.00597095419700297
4,0.25,train_fraction,44-45,2,0.0196078431372549,12,0.023575638506876228,0.003967795369621326
4,0.25,train_fraction,46-47,3,0.029411764705882353,17,0.03339882121807466,0.003987056512192305
4,0.25,train_fraction,48-49,4,0.0392156862745098,14,0.0275049115913556,0.011710774683154204
4,0.25,train_fraction,50,2,0.0196078431372549,10,0.019646365422396856,3.8522285141954354e-05
4,0.25,train_fraction,51-55,7,0.06862745098039216,33,0.06483300589390963,0.003794445086482537
4,0.25,train_fraction,56-60,7,0.06862745098039216,28,0.0550098231827112,0.013617627797680963
4,0.25,train_fraction,61-65,2,0.0196078431372549,2,0.003929273084479371,0.01567857005277553
4,0.25,train_fraction,66-67,1,0.00980392156862745,1,0.0019646365422396855,0.007839285026387765
4,0.25,val,10-11,4,0.039603960396039604,21,0.0412573673870334,0.001653406990993797
4,0.25,val,12-13,8,0.07920792079207921,37,0.07269155206286837,0.006516368729210839
4,0.25,val,14-15,11,0.10891089108910891,57,0.11198428290766209,0.0030733918185531783
4,0.25,val,16-17,7,0.06930693069306931,37,0.07269155206286837,0.003384621369799057
4,0.25,val,18-19,4,0.039603960396039604,20,0.03929273084479371,0.00031122955124589236
4,0.25,val,20-21,5,0.04950495049504951,24,0.047151277013752456,0.0023536734812970514
4,0.25,val,22-23,5,0.04950495049504951,22,0.043222003929273084,0.006282946565776423
4,0.25,val,24-25,3,0.0297029702970297,15,0.029469548133595286,0.0002334221634344158
4,0.25,val,26-27,3,0.0297029702970297,17,0.03339882121807466,0.003695850921044956
4,0.25,val,28-29,4,0.039603960396039604,21,0.0412573673870334,0.001653406990993797
4,0.25,val,30-31,2,0.019801980198019802,11,0.021611001964636542,0.0018090217666167398
4,0.25,val,32-33,3,0.0297029702970297,18,0.03536345776031434,0.005660487463284639
4,0.25,val,34-35,4,0.039603960396039604,22,0.043222003929273084,0.0036180435332334795
4,0.25,val,36-37,4,0.039603960396039604,20,0.03929273084479371,0.00031122955124589236
4,0.25,val,38-39,2,0.019801980198019802,13,0.025540275049115914,0.005738294851096112
4,0.25,val,40-41,3,0.0297029702970297,14,0.0275049115913556,0.0021980587056741017
4,0.25,val,42-43,5,0.04950495049504951,23,0.04518664047151277,0.004318310023536734
4,0.25,val,44-45,3,0.0297029702970297,12,0.023575638506876228,0.006127331790153474
4,0.25,val,46-47,4,0.039603960396039604,17,0.03339882121807466,0.006205139177964947
4,0.25,val,48-49,3,0.0297029702970297,14,0.0275049115913556,0.0021980587056741017
4,0.25,val,50,2,0.019801980198019802,10,0.019646365422396856,0.00015561477562294618
4,0.25,val,51-55,6,0.0594059405940594,33,0.06483300589390963,0.005427065299850223
4,0.25,val,56-60,6,0.0594059405940594,28,0.0550098231827112,0.0043961174113482035
4,0.25,val,61-65,0,0.0,2,0.003929273084479371,0.003929273084479371
4,0.25,val,66-67,0,0.0,1,0.0019646365422396855,0.0019646365422396855
4,0.50,overall,10-11,21,0.0412573673870334,21,0.0412573673870334,0.0
4,0.50,overall,12-13,37,0.07269155206286837,37,0.07269155206286837,0.0
4,0.50,overall,14-15,57,0.11198428290766209,57,0.11198428290766209,0.0
4,0.50,overall,16-17,37,0.07269155206286837,37,0.07269155206286837,0.0
4,0.50,overall,18-19,20,0.03929273084479371,20,0.03929273084479371,0.0
4,0.50,overall,20-21,24,0.047151277013752456,24,0.047151277013752456,0.0
4,0.50,overall,22-23,22,0.043222003929273084,22,0.043222003929273084,0.0
4,0.50,overall,24-25,15,0.029469548133595286,15,0.029469548133595286,0.0
4,0.50,overall,26-27,17,0.03339882121807466,17,0.03339882121807466,0.0
4,0.50,overall,28-29,21,0.0412573673870334,21,0.0412573673870334,0.0
4,0.50,overall,30-31,11,0.021611001964636542,11,0.021611001964636542,0.0
4,0.50,overall,32-33,18,0.03536345776031434,18,0.03536345776031434,0.0
4,0.50,overall,34-35,22,0.043222003929273084,22,0.043222003929273084,0.0
4,0.50,overall,36-37,20,0.03929273084479371,20,0.03929273084479371,0.0
4,0.50,overall,38-39,13,0.025540275049115914,13,0.025540275049115914,0.0
4,0.50,overall,40-41,14,0.0275049115913556,14,0.0275049115913556,0.0
4,0.50,overall,42-43,23,0.04518664047151277,23,0.04518664047151277,0.0
4,0.50,overall,44-45,12,0.023575638506876228,12,0.023575638506876228,0.0
4,0.50,overall,46-47,17,0.03339882121807466,17,0.03339882121807466,0.0
4,0.50,overall,48-49,14,0.0275049115913556,14,0.0275049115913556,0.0
4,0.50,overall,50,10,0.019646365422396856,10,0.019646365422396856,0.0
4,0.50,overall,51-55,33,0.06483300589390963,33,0.06483300589390963,0.0
4,0.50,overall,56-60,28,0.0550098231827112,28,0.0550098231827112,0.0
4,0.50,overall,61-65,2,0.003929273084479371,2,0.003929273084479371,0.0
4,0.50,overall,66-67,1,0.0019646365422396855,1,0.0019646365422396855,0.0
4,0.50,train_pool,10-11,17,0.041666666666666664,21,0.0412573673870334,0.00040929927963326285
4,0.50,train_pool,12-13,29,0.07107843137254902,37,0.07269155206286837,0.001613120690319353
4,0.50,train_pool,14-15,46,0.11274509803921569,57,0.11198428290766209,0.0007608151315535994
4,0.50,train_pool,16-17,30,0.07352941176470588,37,0.07269155206286837,0.000837859701837515
4,0.50,train_pool,18-19,16,0.0392156862745098,20,0.03929273084479371,7.704457028390871e-05
4,0.50,train_pool,20-21,19,0.04656862745098039,24,0.047151277013752456,0.0005826495627720626
4,0.50,train_pool,22-23,17,0.041666666666666664,22,0.043222003929273084,0.0015553372626064196
4,0.50,train_pool,24-25,12,0.029411764705882353,15,0.029469548133595286,5.7783427712933266e-05
4,0.50,train_pool,26-27,14,0.03431372549019608,17,0.03339882121807466,0.0009149042721214237
4,0.50,train_pool,28-29,17,0.041666666666666664,21,0.0412573673870334,0.00040929927963326285
4,0.50,train_pool,30-31,9,0.022058823529411766,11,0.021611001964636542,0.00044782156477522414
4,0.50,train_pool,32-33,15,0.03676470588235294,18,0.03536345776031434,0.0014012481220386022
4,0.50,train_pool,34-35,18,0.04411764705882353,22,0.043222003929273084,0.0008956431295504483
4,0.50,train_pool,36-37,16,0.0392156862745098,20,0.03929273084479371,7.704457028390871e-05
4,0.50,train_pool,38-39,11,0.02696078431372549,13,0.025540275049115914,0.0014205092646095777
4,0.50,train_pool,40-41,11,0.02696078431372549,14,0.0275049115913556,0.0005441272776301083
4,0.50,train_pool,42-43,18,0.04411764705882353,23,0.04518664047151277,0.0010689934126892411
4,0.50,train_pool,44-45,9,0.022058823529411766,12,0.023575638506876228,0.0015168149774644618
4,0.50,train_pool,46-47,13,0.031862745098039214,17,0.03339882121807466,0.0015360761200354442
4,0.50,train_pool,48-49,11,0.02696078431372549,14,0.0275049115913556,0.0005441272776301083
4,0.50,train_pool,50,8,0.0196078431372549,10,0.019646365422396856,3.8522285141954354e-05
4,0.50,train_pool,51-55,27,0.0661764705882353,33,0.06483300589390963,0.001343464694325669
4,0.50,train_pool,56-60,22,0.05392156862745098,28,0.0550098231827112,0.0010882545552602166
4,0.50,train_pool,61-65,2,0.004901960784313725,2,0.003929273084479371,0.0009726876998343544
4,0.50,train_pool,66-67,1,0.0024509803921568627,1,0.0019646365422396855,0.0004863438499171772
4,0.50,train_fraction,10-11,7,0.03431372549019608,21,0.0412573673870334,0.00694364189683732
4,0.50,train_fraction,12-13,15,0.07352941176470588,37,0.07269155206286837,0.000837859701837515
4,0.50,train_fraction,14-15,24,0.11764705882352941,57,0.11198428290766209,0.005662775915867321
4,0.50,train_fraction,16-17,14,0.06862745098039216,37,0.07269155206286837,0.004064101082476207
4,0.50,train_fraction,18-19,8,0.0392156862745098,20,0.03929273084479371,7.704457028390871e-05
4,0.50,train_fraction,20-21,9,0.04411764705882353,24,0.047151277013752456,0.0030336299549289236
4,0.50,train_fraction,22-23,8,0.0392156862745098,22,0.043222003929273084,0.004006317654763281
4,0.50,train_fraction,24-25,7,0.03431372549019608,15,0.029469548133595286,0.004844177356600796
4,0.50,train_fraction,26-27,6,0.029411764705882353,17,0.03339882121807466,0.003987056512192305
4,0.50,train_fraction,28-29,8,0.0392156862745098,21,0.0412573673870334,0.002041681112523598
4,0.50,train_fraction,30-31,5,0.024509803921568627,11,0.021611001964636542,0.002898801956932085
4,0.50,train_fraction,32-33,8,0.0392156862745098,18,0.03536345776031434,0.003852228514195463
4,0.50,train_fraction,34-35,9,0.04411764705882353,22,0.043222003929273084,0.0008956431295504483
4,0.50,train_fraction,36-37,8,0.0392156862745098,20,0.03929273084479371,7.704457028390871e-05
4,0.50,train_fraction,38-39,6,0.029411764705882353,13,0.025540275049115914,0.0038714896567664386
4,0.50,train_fraction,40-41,6,0.029411764705882353,14,0.0275049115913556,0.0019068531145267527
4,0.50,train_fraction,42-43,8,0.0392156862745098,23,0.04518664047151277,0.00597095419700297
4,0.50,train_fraction,44-45,5,0.024509803921568627,12,0.023575638506876228,0.0009341654146923992
4,0.50,train_fraction,46-47,6,0.029411764705882353,17,0.03339882121807466,0.003987056512192305
4,0.50,train_fraction,48-49,6,0.029411764705882353,14,0.0275049115913556,0.0019068531145267527
4,0.50,train_fraction,50,4,0.0196078431372549,10,0.019646365422396856,3.8522285141954354e-05
4,0.50,train_fraction,51-55,13,0.06372549019607843,33,0.06483300589390963,0.001107515697831199
4,0.50,train_fraction,56-60,11,0.05392156862745098,28,0.0550098231827112,0.0010882545552602166
4,0.50,train_fraction,61-65,2,0.00980392156862745,2,0.003929273084479371,0.00587464848414808
4,0.50,train_fraction,66-67,1,0.004901960784313725,1,0.0019646365422396855,0.00293732424207404
4,0.50,val,10-11,4,0.039603960396039604,21,0.0412573673870334,0.001653406990993797
4,0.50,val,12-13,8,0.07920792079207921,37,0.07269155206286837,0.006516368729210839
4,0.50,val,14-15,11,0.10891089108910891,57,0.11198428290766209,0.0030733918185531783
4,0.50,val,16-17,7,0.06930693069306931,37,0.07269155206286837,0.003384621369799057
4,0.50,val,18-19,4,0.039603960396039604,20,0.03929273084479371,0.00031122955124589236
4,0.50,val,20-21,5,0.04950495049504951,24,0.047151277013752456,0.0023536734812970514
4,0.50,val,22-23,5,0.04950495049504951,22,0.043222003929273084,0.006282946565776423
4,0.50,val,24-25,3,0.0297029702970297,15,0.029469548133595286,0.0002334221634344158
4,0.50,val,26-27,3,0.0297029702970297,17,0.03339882121807466,0.003695850921044956
4,0.50,val,28-29,4,0.039603960396039604,21,0.0412573673870334,0.001653406990993797
4,0.50,val,30-31,2,0.019801980198019802,11,0.021611001964636542,0.0018090217666167398
4,0.50,val,32-33,3,0.0297029702970297,18,0.03536345776031434,0.005660487463284639
4,0.50,val,34-35,4,0.039603960396039604,22,0.043222003929273084,0.0036180435332334795
4,0.50,val,36-37,4,0.039603960396039604,20,0.03929273084479371,0.00031122955124589236
4,0.50,val,38-39,2,0.019801980198019802,13,0.025540275049115914,0.005738294851096112
4,0.50,val,40-41,3,0.0297029702970297,14,0.0275049115913556,0.0021980587056741017
4,0.50,val,42-43,5,0.04950495049504951,23,0.04518664047151277,0.004318310023536734
4,0.50,val,44-45,3,0.0297029702970297,12,0.023575638506876228,0.006127331790153474
4,0.50,val,46-47,4,0.039603960396039604,17,0.03339882121807466,0.006205139177964947
4,0.50,val,48-49,3,0.0297029702970297,14,0.0275049115913556,0.0021980587056741017
4,0.50,val,50,2,0.019801980198019802,10,0.019646365422396856,0.00015561477562294618
4,0.50,val,51-55,6,0.0594059405940594,33,0.06483300589390963,0.005427065299850223
4,0.50,val,56-60,6,0.0594059405940594,28,0.0550098231827112,0.0043961174113482035
4,0.50,val,61-65,0,0.0,2,0.003929273084479371,0.003929273084479371
4,0.50,val,66-67,0,0.0,1,0.0019646365422396855,0.0019646365422396855
4,1.00,overall,10-11,21,0.0412573673870334,21,0.0412573673870334,0.0
4,1.00,overall,12-13,37,0.07269155206286837,37,0.07269155206286837,0.0
4,1.00,overall,14-15,57,0.11198428290766209,57,0.11198428290766209,0.0
4,1.00,overall,16-17,37,0.07269155206286837,37,0.07269155206286837,0.0
4,1.00,overall,18-19,20,0.03929273084479371,20,0.03929273084479371,0.0
4,1.00,overall,20-21,24,0.047151277013752456,24,0.047151277013752456,0.0
4,1.00,overall,22-23,22,0.043222003929273084,22,0.043222003929273084,0.0
4,1.00,overall,24-25,15,0.029469548133595286,15,0.029469548133595286,0.0
4,1.00,overall,26-27,17,0.03339882121807466,17,0.03339882121807466,0.0
4,1.00,overall,28-29,21,0.0412573673870334,21,0.0412573673870334,0.0
4,1.00,overall,30-31,11,0.021611001964636542,11,0.021611001964636542,0.0
4,1.00,overall,32-33,18,0.03536345776031434,18,0.03536345776031434,0.0
4,1.00,overall,34-35,22,0.043222003929273084,22,0.043222003929273084,0.0
4,1.00,overall,36-37,20,0.03929273084479371,20,0.03929273084479371,0.0
4,1.00,overall,38-39,13,0.025540275049115914,13,0.025540275049115914,0.0
4,1.00,overall,40-41,14,0.0275049115913556,14,0.0275049115913556,0.0
4,1.00,overall,42-43,23,0.04518664047151277,23,0.04518664047151277,0.0
4,1.00,overall,44-45,12,0.023575638506876228,12,0.023575638506876228,0.0
4,1.00,overall,46-47,17,0.03339882121807466,17,0.03339882121807466,0.0
4,1.00,overall,48-49,14,0.0275049115913556,14,0.0275049115913556,0.0
4,1.00,overall,50,10,0.019646365422396856,10,0.019646365422396856,0.0
4,1.00,overall,51-55,33,0.06483300589390963,33,0.06483300589390963,0.0
4,1.00,overall,56-60,28,0.0550098231827112,28,0.0550098231827112,0.0
4,1.00,overall,61-65,2,0.003929273084479371,2,0.003929273084479371,0.0
4,1.00,overall,66-67,1,0.0019646365422396855,1,0.0019646365422396855,0.0
4,1.00,train_pool,10-11,17,0.041666666666666664,21,0.0412573673870334,0.00040929927963326285
4,1.00,train_pool,12-13,29,0.07107843137254902,37,0.07269155206286837,0.001613120690319353
4,1.00,train_pool,14-15,46,0.11274509803921569,57,0.11198428290766209,0.0007608151315535994
4,1.00,train_pool,16-17,30,0.07352941176470588,37,0.07269155206286837,0.000837859701837515
4,1.00,train_pool,18-19,16,0.0392156862745098,20,0.03929273084479371,7.704457028390871e-05
4,1.00,train_pool,20-21,19,0.04656862745098039,24,0.047151277013752456,0.0005826495627720626
4,1.00,train_pool,22-23,17,0.041666666666666664,22,0.043222003929273084,0.0015553372626064196
4,1.00,train_pool,24-25,12,0.029411764705882353,15,0.029469548133595286,5.7783427712933266e-05
4,1.00,train_pool,26-27,14,0.03431372549019608,17,0.03339882121807466,0.0009149042721214237
4,1.00,train_pool,28-29,17,0.041666666666666664,21,0.0412573673870334,0.00040929927963326285
4,1.00,train_pool,30-31,9,0.022058823529411766,11,0.021611001964636542,0.00044782156477522414
4,1.00,train_pool,32-33,15,0.03676470588235294,18,0.03536345776031434,0.0014012481220386022
4,1.00,train_pool,34-35,18,0.04411764705882353,22,0.043222003929273084,0.0008956431295504483
4,1.00,train_pool,36-37,16,0.0392156862745098,20,0.03929273084479371,7.704457028390871e-05
4,1.00,train_pool,38-39,11,0.02696078431372549,13,0.025540275049115914,0.0014205092646095777
4,1.00,train_pool,40-41,11,0.02696078431372549,14,0.0275049115913556,0.0005441272776301083
4,1.00,train_pool,42-43,18,0.04411764705882353,23,0.04518664047151277,0.0010689934126892411
4,1.00,train_pool,44-45,9,0.022058823529411766,12,0.023575638506876228,0.0015168149774644618
4,1.00,train_pool,46-47,13,0.031862745098039214,17,0.03339882121807466,0.0015360761200354442
4,1.00,train_pool,48-49,11,0.02696078431372549,14,0.0275049115913556,0.0005441272776301083
4,1.00,train_pool,50,8,0.0196078431372549,10,0.019646365422396856,3.8522285141954354e-05
4,1.00,train_pool,51-55,27,0.0661764705882353,33,0.06483300589390963,0.001343464694325669
4,1.00,train_pool,56-60,22,0.05392156862745098,28,0.0550098231827112,0.0010882545552602166
4,1.00,train_pool,61-65,2,0.004901960784313725,2,0.003929273084479371,0.0009726876998343544
4,1.00,train_pool,66-67,1,0.0024509803921568627,1,0.0019646365422396855,0.0004863438499171772
4,1.00,train_fraction,10-11,17,0.041666666666666664,21,0.0412573673870334,0.00040929927963326285
4,1.00,train_fraction,12-13,29,0.07107843137254902,37,0.07269155206286837,0.001613120690319353
4,1.00,train_fraction,14-15,46,0.11274509803921569,57,0.11198428290766209,0.0007608151315535994
4,1.00,train_fraction,16-17,30,0.07352941176470588,37,0.07269155206286837,0.000837859701837515
4,1.00,train_fraction,18-19,16,0.0392156862745098,20,0.03929273084479371,7.704457028390871e-05
4,1.00,train_fraction,20-21,19,0.04656862745098039,24,0.047151277013752456,0.0005826495627720626
4,1.00,train_fraction,22-23,17,0.041666666666666664,22,0.043222003929273084,0.0015553372626064196
4,1.00,train_fraction,24-25,12,0.029411764705882353,15,0.029469548133595286,5.7783427712933266e-05
4,1.00,train_fraction,26-27,14,0.03431372549019608,17,0.03339882121807466,0.0009149042721214237
4,1.00,train_fraction,28-29,17,0.041666666666666664,21,0.0412573673870334,0.00040929927963326285
4,1.00,train_fraction,30-31,9,0.022058823529411766,11,0.021611001964636542,0.00044782156477522414
4,1.00,train_fraction,32-33,15,0.03676470588235294,18,0.03536345776031434,0.0014012481220386022
4,1.00,train_fraction,34-35,18,0.04411764705882353,22,0.043222003929273084,0.0008956431295504483
4,1.00,train_fraction,36-37,16,0.0392156862745098,20,0.03929273084479371,7.704457028390871e-05
4,1.00,train_fraction,38-39,11,0.02696078431372549,13,0.025540275049115914,0.0014205092646095777
4,1.00,train_fraction,40-41,11,0.02696078431372549,14,0.0275049115913556,0.0005441272776301083
4,1.00,train_fraction,42-43,18,0.04411764705882353,23,0.04518664047151277,0.0010689934126892411
4,1.00,train_fraction,44-45,9,0.022058823529411766,12,0.023575638506876228,0.0015168149774644618
4,1.00,train_fraction,46-47,13,0.031862745098039214,17,0.03339882121807466,0.0015360761200354442
4,1.00,train_fraction,48-49,11,0.02696078431372549,14,0.0275049115913556,0.0005441272776301083
4,1.00,train_fraction,50,8,0.0196078431372549,10,0.019646365422396856,3.8522285141954354e-05
4,1.00,train_fraction,51-55,27,0.0661764705882353,33,0.06483300589390963,0.001343464694325669
4,1.00,train_fraction,56-60,22,0.05392156862745098,28,0.0550098231827112,0.0010882545552602166
4,1.00,train_fraction,61-65,2,0.004901960784313725,2,0.003929273084479371,0.0009726876998343544
4,1.00,train_fraction,66-67,1,0.0024509803921568627,1,0.0019646365422396855,0.0004863438499171772
4,1.00,val,10-11,4,0.039603960396039604,21,0.0412573673870334,0.001653406990993797
4,1.00,val,12-13,8,0.07920792079207921,37,0.07269155206286837,0.006516368729210839
4,1.00,val,14-15,11,0.10891089108910891,57,0.11198428290766209,0.0030733918185531783
4,1.00,val,16-17,7,0.06930693069306931,37,0.07269155206286837,0.003384621369799057
4,1.00,val,18-19,4,0.039603960396039604,20,0.03929273084479371,0.00031122955124589236
4,1.00,val,20-21,5,0.04950495049504951,24,0.047151277013752456,0.0023536734812970514
4,1.00,val,22-23,5,0.04950495049504951,22,0.043222003929273084,0.006282946565776423
4,1.00,val,24-25,3,0.0297029702970297,15,0.029469548133595286,0.0002334221634344158
4,1.00,val,26-27,3,0.0297029702970297,17,0.03339882121807466,0.003695850921044956
4,1.00,val,28-29,4,0.039603960396039604,21,0.0412573673870334,0.001653406990993797
4,1.00,val,30-31,2,0.019801980198019802,11,0.021611001964636542,0.0018090217666167398
4,1.00,val,32-33,3,0.0297029702970297,18,0.03536345776031434,0.005660487463284639
4,1.00,val,34-35,4,0.039603960396039604,22,0.043222003929273084,0.0036180435332334795
4,1.00,val,36-37,4,0.039603960396039604,20,0.03929273084479371,0.00031122955124589236
4,1.00,val,38-39,2,0.019801980198019802,13,0.025540275049115914,0.005738294851096112
4,1.00,val,40-41,3,0.0297029702970297,14,0.0275049115913556,0.0021980587056741017
4,1.00,val,42-43,5,0.04950495049504951,23,0.04518664047151277,0.004318310023536734
4,1.00,val,44-45,3,0.0297029702970297,12,0.023575638506876228,0.006127331790153474
4,1.00,val,46-47,4,0.039603960396039604,17,0.03339882121807466,0.006205139177964947
4,1.00,val,48-49,3,0.0297029702970297,14,0.0275049115913556,0.0021980587056741017
4,1.00,val,50,2,0.019801980198019802,10,0.019646365422396856,0.00015561477562294618
4,1.00,val,51-55,6,0.0594059405940594,33,0.06483300589390963,0.005427065299850223
4,1.00,val,56-60,6,0.0594059405940594,28,0.0550098231827112,0.0043961174113482035
4,1.00,val,61-65,0,0.0,2,0.003929273084479371,0.003929273084479371
4,1.00,val,66-67,0,0.0,1,0.0019646365422396855,0.0019646365422396855
